[
  {
    "date": "2026-01-01",
    "tithi": 13,
    "paksha": "Shukla",
    "nakshatra": 6,
    "sunrise": "06:31 AM",
    "sunset": "05:53 PM",
    "tamil_day": 17,
    "tamil_month": "மார்கழி",
    "weekday_ta": "வியாழன்",
    "festivals": [
      "பிரதோஷம்"
    ]
  },
  {
    "date": "2026-01-02",
    "tithi": 14,
    "paksha": "Shukla",
    "nakshatra": 7,
    "sunrise": "06:31 AM",
    "sunset": "05:54 PM",
    "tamil_day": 18,
    "tamil_month": "மார்கழி",
    "weekday_ta": "வெள்ளி",
    "festivals": []
  },
  {
    "date": "2026-01-03",
    "tithi": 15,
    "paksha": "Shukla",
    "nakshatra": 8,
    "sunrise": "06:31 AM",
    "sunset": "05:54 PM",
    "tamil_day": 19,
    "tamil_month": "மார்கழி",
    "weekday_ta": "சனி",
    "festivals": [
      "பௌர்ணமி"
    ]
  },
  {
    "date": "2026-01-04",
    "tithi": 16,
    "paksha": "Krishna",
    "nakshatra": 9,
    "sunrise": "06:32 AM",
    "sunset": "05:55 PM",
    "tamil_day": 20,
    "tamil_month": "மார்கழி",
    "weekday_ta": "ஞாயிறு",
    "festivals": []
  },
  {
    "date": "2026-01-05",
    "tithi": 17,
    "paksha": "Krishna",
    "nakshatra": 10,
    "sunrise": "06:32 AM",
    "sunset": "05:55 PM",
    "tamil_day": 21,
    "tamil_month": "மார்கழி",
    "weekday_ta": "திங்கள்",
    "festivals": []
  },
  {
    "date": "2026-01-06",
    "tithi": 18,
    "paksha": "Krishna",
    "nakshatra": 11,
    "sunrise": "06:32 AM",
    "sunset": "05:56 PM",
    "tamil_day": 22,
    "tamil_month": "மார்கழி",
    "weekday_ta": "செவ்வாய்",
    "festivals": []
  },
  {
    "date": "2026-01-07",
    "tithi": 19,
    "paksha": "Krishna",
    "nakshatra": 12,
    "sunrise": "06:33 AM",
    "sunset": "05:56 PM",
    "tamil_day": 23,
    "tamil_month": "மார்கழி",
    "weekday_ta": "புதன்",
    "festivals": []
  },
  {
    "date": "2026-01-08",
    "tithi": 20,
    "paksha": "Krishna",
    "nakshatra": 13,
    "sunrise": "06:33 AM",
    "sunset": "05:57 PM",
    "tamil_day": 24,
    "tamil_month": "மார்கழி",
    "weekday_ta": "வியாழன்",
    "festivals": []
  },
  {
    "date": "2026-01-09",
    "tithi": 21,
    "paksha": "Krishna",
    "nakshatra": 14,
    "sunrise": "06:33 AM",
    "sunset": "05:58 PM",
    "tamil_day": 25,
    "tamil_month": "மார்கழி",
    "weekday_ta": "வெள்ளி",
    "festivals": []
  },
  {
    "date": "2026-01-10",
    "tithi": 22,
    "paksha": "Krishna",
    "nakshatra": 15,
    "sunrise": "06:34 AM",
    "sunset": "05:58 PM",
    "tamil_day": 26,
    "tamil_month": "மார்கழி",
    "weekday_ta": "சனி",
    "festivals": []
  },
  {
    "date": "2026-01-11",
    "tithi": 23,
    "paksha": "Krishna",
    "nakshatra": 16,
    "sunrise": "06:34 AM",
    "sunset": "05:59 PM",
    "tamil_day": 27,
    "tamil_month": "மார்கழி",
    "weekday_ta": "ஞாயிறு",
    "festivals": []
  },
  {
    "date": "2026-01-12",
    "tithi": 24,
    "paksha": "Krishna",
    "nakshatra": 17,
    "sunrise": "06:34 AM",
    "sunset": "05:59 PM",
    "tamil_day": 28,
    "tamil_month": "மார்கழி",
    "weekday_ta": "திங்கள்",
    "festivals": []
  },
  {
    "date": "2026-01-13",
    "tithi": 25,
    "paksha": "Krishna",
    "nakshatra": 18,
    "sunrise": "06:34 AM",
    "sunset": "06:00 PM",
    "tamil_day": 29,
    "tamil_month": "மார்கழி",
    "weekday_ta": "செவ்வாய்",
    "festivals": []
  },
  {
    "date": "2026-01-14",
    "tithi": 26,
    "paksha": "Krishna",
    "nakshatra": 19,
    "sunrise": "06:34 AM",
    "sunset": "06:00 PM",
    "tamil_day": 1,
    "tamil_month": "தை",
    "weekday_ta": "புதன்",
    "festivals": []
  },
  {
    "date": "2026-01-15",
    "tithi": 27,
    "paksha": "Krishna",
    "nakshatra": 19,
    "sunrise": "06:35 AM",
    "sunset": "06:01 PM",
    "tamil_day": 2,
    "tamil_month": "தை",
    "weekday_ta": "வியாழன்",
    "festivals": []
  },
  {
    "date": "2026-01-16",
    "tithi": 28,
    "paksha": "Krishna",
    "nakshatra": 20,
    "sunrise": "06:35 AM",
    "sunset": "06:01 PM",
    "tamil_day": 3,
    "tamil_month": "தை",
    "weekday_ta": "வெள்ளி",
    "festivals": [
      "பிரதோஷம்"
    ]
  },
  {
    "date": "2026-01-17",
    "tithi": 29,
    "paksha": "Krishna",
    "nakshatra": 21,
    "sunrise": "06:35 AM",
    "sunset": "06:02 PM",
    "tamil_day": 4,
    "tamil_month": "தை",
    "weekday_ta": "சனி",
    "festivals": []
  },
  {
    "date": "2026-01-18",
    "tithi": 30,
    "paksha": "Krishna",
    "nakshatra": 22,
    "sunrise": "06:35 AM",
    "sunset": "06:03 PM",
    "tamil_day": 5,
    "tamil_month": "தை",
    "weekday_ta": "ஞாயிறு",
    "festivals": [
      "அமாவாசை"
    ]
  },
  {
    "date": "2026-01-19",
    "tithi": 1,
    "paksha": "Shukla",
    "nakshatra": 23,
    "sunrise": "06:35 AM",
    "sunset": "06:03 PM",
    "tamil_day": 6,
    "tamil_month": "தை",
    "weekday_ta": "திங்கள்",
    "festivals": []
  },
  {
    "date": "2026-01-20",
    "tithi": 2,
    "paksha": "Shukla",
    "nakshatra": 24,
    "sunrise": "06:35 AM",
    "sunset": "06:04 PM",
    "tamil_day": 7,
    "tamil_month": "தை",
    "weekday_ta": "செவ்வாய்",
    "festivals": []
  },
  {
    "date": "2026-01-21",
    "tithi": 3,
    "paksha": "Shukla",
    "nakshatra": 25,
    "sunrise": "06:35 AM",
    "sunset": "06:04 PM",
    "tamil_day": 8,
    "tamil_month": "தை",
    "weekday_ta": "புதன்",
    "festivals": []
  },
  {
    "date": "2026-01-22",
    "tithi": 4,
    "paksha": "Shukla",
    "nakshatra": 26,
    "sunrise": "06:35 AM",
    "sunset": "06:05 PM",
    "tamil_day": 9,
    "tamil_month": "தை",
    "weekday_ta": "வியாழன்",
    "festivals": []
  },
  {
    "date": "2026-01-23",
    "tithi": 5,
    "paksha": "Shukla",
    "nakshatra": 27,
    "sunrise": "06:35 AM",
    "sunset": "06:05 PM",
    "tamil_day": 10,
    "tamil_month": "தை",
    "weekday_ta": "வெள்ளி",
    "festivals": []
  },
  {
    "date": "2026-01-24",
    "tithi": 6,
    "paksha": "Shukla",
    "nakshatra": 1,
    "sunrise": "06:35 AM",
    "sunset": "06:06 PM",
    "tamil_day": 11,
    "tamil_month": "தை",
    "weekday_ta": "சனி",
    "festivals": [
      "சஷ்டி"
    ]
  },
  {
    "date": "2026-01-25",
    "tithi": 7,
    "paksha": "Shukla",
    "nakshatra": 2,
    "sunrise": "06:35 AM",
    "sunset": "06:06 PM",
    "tamil_day": 12,
    "tamil_month": "தை",
    "weekday_ta": "ஞாயிறு",
    "festivals": []
  },
  {
    "date": "2026-01-26",
    "tithi": 8,
    "paksha": "Shukla",
    "nakshatra": 3,
    "sunrise": "06:35 AM",
    "sunset": "06:07 PM",
    "tamil_day": 13,
    "tamil_month": "தை",
    "weekday_ta": "திங்கள்",
    "festivals": [
      "கார்த்திகை"
    ]
  },
  {
    "date": "2026-01-27",
    "tithi": 9,
    "paksha": "Shukla",
    "nakshatra": 4,
    "sunrise": "06:35 AM",
    "sunset": "06:07 PM",
    "tamil_day": 14,
    "tamil_month": "தை",
    "weekday_ta": "செவ்வாய்",
    "festivals": []
  },
  {
    "date": "2026-01-28",
    "tithi": 10,
    "paksha": "Shukla",
    "nakshatra": 5,
    "sunrise": "06:35 AM",
    "sunset": "06:07 PM",
    "tamil_day": 15,
    "tamil_month": "தை",
    "weekday_ta": "புதன்",
    "festivals": []
  },
  {
    "date": "2026-01-29",
    "tithi": 11,
    "paksha": "Shukla",
    "nakshatra": 6,
    "sunrise": "06:35 AM",
    "sunset": "06:08 PM",
    "tamil_day": 16,
    "tamil_month": "தை",
    "weekday_ta": "வியாழன்",
    "festivals": []
  },
  {
    "date": "2026-01-30",
    "tithi": 12,
    "paksha": "Shukla",
    "nakshatra": 7,
    "sunrise": "06:35 AM",
    "sunset": "06:08 PM",
    "tamil_day": 17,
    "tamil_month": "தை",
    "weekday_ta": "வெள்ளி",
    "festivals": []
  },
  {
    "date": "2026-01-31",
    "tithi": 13,
    "paksha": "Shukla",
    "nakshatra": 8,
    "sunrise": "06:35 AM",
    "sunset": "06:09 PM",
    "tamil_day": 18,
    "tamil_month": "தை",
    "weekday_ta": "சனி",
    "festivals": [
      "பிரதோஷம்"
    ]
  },
  {
    "date": "2026-02-01",
    "tithi": 15,
    "paksha": "Shukla",
    "nakshatra": 10,
    "sunrise": "06:35 AM",
    "sunset": "06:09 PM",
    "tamil_day": 19,
    "tamil_month": "தை",
    "weekday_ta": "ஞாயிறு",
    "festivals": [
      "பௌர்ணமி",
      "தைப்பூசம்"
    ]
  },
  {
    "date": "2026-02-02",
    "tithi": 16,
    "paksha": "Krishna",
    "nakshatra": 11,
    "sunrise": "06:35 AM",
    "sunset": "06:10 PM",
    "tamil_day": 20,
    "tamil_month": "தை",
    "weekday_ta": "திங்கள்",
    "festivals": []
  },
  {
    "date": "2026-02-03",
    "tithi": 17,
    "paksha": "Krishna",
    "nakshatra": 12,
    "sunrise": "06:34 AM",
    "sunset": "06:10 PM",
    "tamil_day": 21,
    "tamil_month": "தை",
    "weekday_ta": "செவ்வாய்",
    "festivals": []
  },
  {
    "date": "2026-02-04",
    "tithi": 18,
    "paksha": "Krishna",
    "nakshatra": 13,
    "sunrise": "06:34 AM",
    "sunset": "06:10 PM",
    "tamil_day": 22,
    "tamil_month": "தை",
    "weekday_ta": "புதன்",
    "festivals": []
  },
  {
    "date": "2026-02-05",
    "tithi": 19,
    "paksha": "Krishna",
    "nakshatra": 14,
    "sunrise": "06:34 AM",
    "sunset": "06:11 PM",
    "tamil_day": 23,
    "tamil_month": "தை",
    "weekday_ta": "வியாழன்",
    "festivals": []
  },
  {
    "date": "2026-02-06",
    "tithi": 20,
    "paksha": "Krishna",
    "nakshatra": 15,
    "sunrise": "06:34 AM",
    "sunset": "06:11 PM",
    "tamil_day": 24,
    "tamil_month": "தை",
    "weekday_ta": "வெள்ளி",
    "festivals": []
  },
  {
    "date": "2026-02-07",
    "tithi": 21,
    "paksha": "Krishna",
    "nakshatra": 16,
    "sunrise": "06:34 AM",
    "sunset": "06:12 PM",
    "tamil_day": 25,
    "tamil_month": "தை",
    "weekday_ta": "சனி",
    "festivals": []
  },
  {
    "date": "2026-02-08",
    "tithi": 22,
    "paksha": "Krishna",
    "nakshatra": 16,
    "sunrise": "06:33 AM",
    "sunset": "06:12 PM",
    "tamil_day": 26,
    "tamil_month": "தை",
    "weekday_ta": "ஞாயிறு",
    "festivals": []
  },
  {
    "date": "2026-02-09",
    "tithi": 23,
    "paksha": "Krishna",
    "nakshatra": 17,
    "sunrise": "06:33 AM",
    "sunset": "06:12 PM",
    "tamil_day": 27,
    "tamil_month": "தை",
    "weekday_ta": "திங்கள்",
    "festivals": []
  },
  {
    "date": "2026-02-10",
    "tithi": 23,
    "paksha": "Krishna",
    "nakshatra": 18,
    "sunrise": "06:33 AM",
    "sunset": "06:13 PM",
    "tamil_day": 28,
    "tamil_month": "தை",
    "weekday_ta": "செவ்வாய்",
    "festivals": []
  },
  {
    "date": "2026-02-11",
    "tithi": 24,
    "paksha": "Krishna",
    "nakshatra": 19,
    "sunrise": "06:32 AM",
    "sunset": "06:13 PM",
    "tamil_day": 29,
    "tamil_month": "தை",
    "weekday_ta": "புதன்",
    "festivals": []
  },
  {
    "date": "2026-02-12",
    "tithi": 25,
    "paksha": "Krishna",
    "nakshatra": 20,
    "sunrise": "06:32 AM",
    "sunset": "06:13 PM",
    "tamil_day": 30,
    "tamil_month": "தை",
    "weekday_ta": "வியாழன்",
    "festivals": []
  },
  {
    "date": "2026-02-13",
    "tithi": 26,
    "paksha": "Krishna",
    "nakshatra": 21,
    "sunrise": "06:32 AM",
    "sunset": "06:14 PM",
    "tamil_day": 1,
    "tamil_month": "மாசி",
    "weekday_ta": "வெள்ளி",
    "festivals": []
  },
  {
    "date": "2026-02-14",
    "tithi": 27,
    "paksha": "Krishna",
    "nakshatra": 22,
    "sunrise": "06:31 AM",
    "sunset": "06:14 PM",
    "tamil_day": 2,
    "tamil_month": "மாசி",
    "weekday_ta": "சனி",
    "festivals": []
  },
  {
    "date": "2026-02-15",
    "tithi": 28,
    "paksha": "Krishna",
    "nakshatra": 23,
    "sunrise": "06:31 AM",
    "sunset": "06:14 PM",
    "tamil_day": 3,
    "tamil_month": "மாசி",
    "weekday_ta": "ஞாயிறு",
    "festivals": [
      "பிரதோஷம்"
    ]
  },
  {
    "date": "2026-02-16",
    "tithi": 29,
    "paksha": "Krishna",
    "nakshatra": 24,
    "sunrise": "06:31 AM",
    "sunset": "06:14 PM",
    "tamil_day": 4,
    "tamil_month": "மாசி",
    "weekday_ta": "திங்கள்",
    "festivals": []
  },
  {
    "date": "2026-02-17",
    "tithi": 30,
    "paksha": "Krishna",
    "nakshatra": 25,
    "sunrise": "06:30 AM",
    "sunset": "06:15 PM",
    "tamil_day": 5,
    "tamil_month": "மாசி",
    "weekday_ta": "செவ்வாய்",
    "festivals": [
      "அமாவாசை"
    ]
  },
  {
    "date": "2026-02-18",
    "tithi": 1,
    "paksha": "Shukla",
    "nakshatra": 26,
    "sunrise": "06:30 AM",
    "sunset": "06:15 PM",
    "tamil_day": 6,
    "tamil_month": "மாசி",
    "weekday_ta": "புதன்",
    "festivals": []
  },
  {
    "date": "2026-02-19",
    "tithi": 2,
    "paksha": "Shukla",
    "nakshatra": 27,
    "sunrise": "06:29 AM",
    "sunset": "06:15 PM",
    "tamil_day": 7,
    "tamil_month": "மாசி",
    "weekday_ta": "வியாழன்",
    "festivals": []
  },
  {
    "date": "2026-02-20",
    "tithi": 3,
    "paksha": "Shukla",
    "nakshatra": 1,
    "sunrise": "06:29 AM",
    "sunset": "06:15 PM",
    "tamil_day": 8,
    "tamil_month": "மாசி",
    "weekday_ta": "வெள்ளி",
    "festivals": []
  },
  {
    "date": "2026-02-21",
    "tithi": 4,
    "paksha": "Shukla",
    "nakshatra": 2,
    "sunrise": "06:29 AM",
    "sunset": "06:16 PM",
    "tamil_day": 9,
    "tamil_month": "மாசி",
    "weekday_ta": "சனி",
    "festivals": []
  },
  {
    "date": "2026-02-22",
    "tithi": 5,
    "paksha": "Shukla",
    "nakshatra": 3,
    "sunrise": "06:28 AM",
    "sunset": "06:16 PM",
    "tamil_day": 10,
    "tamil_month": "மாசி",
    "weekday_ta": "ஞாயிறு",
    "festivals": [
      "கார்த்திகை"
    ]
  },
  {
    "date": "2026-02-23",
    "tithi": 6,
    "paksha": "Shukla",
    "nakshatra": 4,
    "sunrise": "06:28 AM",
    "sunset": "06:16 PM",
    "tamil_day": 11,
    "tamil_month": "மாசி",
    "weekday_ta": "திங்கள்",
    "festivals": [
      "சஷ்டி"
    ]
  },
  {
    "date": "2026-02-24",
    "tithi": 7,
    "paksha": "Shukla",
    "nakshatra": 5,
    "sunrise": "06:27 AM",
    "sunset": "06:16 PM",
    "tamil_day": 12,
    "tamil_month": "மாசி",
    "weekday_ta": "செவ்வாய்",
    "festivals": []
  },
  {
    "date": "2026-02-25",
    "tithi": 9,
    "paksha": "Shukla",
    "nakshatra": 6,
    "sunrise": "06:27 AM",
    "sunset": "06:16 PM",
    "tamil_day": 13,
    "tamil_month": "மாசி",
    "weekday_ta": "புதன்",
    "festivals": []
  },
  {
    "date": "2026-02-26",
    "tithi": 10,
    "paksha": "Shukla",
    "nakshatra": 7,
    "sunrise": "06:26 AM",
    "sunset": "06:17 PM",
    "tamil_day": 14,
    "tamil_month": "மாசி",
    "weekday_ta": "வியாழன்",
    "festivals": []
  },
  {
    "date": "2026-02-27",
    "tithi": 11,
    "paksha": "Shukla",
    "nakshatra": 8,
    "sunrise": "06:26 AM",
    "sunset": "06:17 PM",
    "tamil_day": 15,
    "tamil_month": "மாசி",
    "weekday_ta": "வெள்ளி",
    "festivals": []
  },
  {
    "date": "2026-02-28",
    "tithi": 12,
    "paksha": "Shukla",
    "nakshatra": 9,
    "sunrise": "06:25 AM",
    "sunset": "06:17 PM",
    "tamil_day": 16,
    "tamil_month": "மாசி",
    "weekday_ta": "சனி",
    "festivals": []
  },
  {
    "date": "2026-03-01",
    "tithi": 13,
    "paksha": "Shukla",
    "nakshatra": 10,
    "sunrise": "06:25 AM",
    "sunset": "06:17 PM",
    "tamil_day": 17,
    "tamil_month": "மாசி",
    "weekday_ta": "ஞாயிறு",
    "festivals": [
      "பிரதோஷம்"
    ]
  },
  {
    "date": "2026-03-02",
    "tithi": 14,
    "paksha": "Shukla",
    "nakshatra": 11,
    "sunrise": "06:24 AM",
    "sunset": "06:17 PM",
    "tamil_day": 18,
    "tamil_month": "மாசி",
    "weekday_ta": "திங்கள்",
    "festivals": []
  },
  {
    "date": "2026-03-03",
    "tithi": 15,
    "paksha": "Shukla",
    "nakshatra": 12,
    "sunrise": "06:23 AM",
    "sunset": "06:17 PM",
    "tamil_day": 19,
    "tamil_month": "மாசி",
    "weekday_ta": "செவ்வாய்",
    "festivals": [
      "பௌர்ணமி"
    ]
  },
  {
    "date": "2026-03-04",
    "tithi": 16,
    "paksha": "Krishna",
    "nakshatra": 13,
    "sunrise": "06:23 AM",
    "sunset": "06:18 PM",
    "tamil_day": 20,
    "tamil_month": "மாசி",
    "weekday_ta": "புதன்",
    "festivals": []
  },
  {
    "date": "2026-03-05",
    "tithi": 17,
    "paksha": "Krishna",
    "nakshatra": 14,
    "sunrise": "06:22 AM",
    "sunset": "06:18 PM",
    "tamil_day": 21,
    "tamil_month": "மாசி",
    "weekday_ta": "வியாழன்",
    "festivals": []
  },
  {
    "date": "2026-03-06",
    "tithi": 18,
    "paksha": "Krishna",
    "nakshatra": 15,
    "sunrise": "06:22 AM",
    "sunset": "06:18 PM",
    "tamil_day": 22,
    "tamil_month": "மாசி",
    "weekday_ta": "வெள்ளி",
    "festivals": []
  },
  {
    "date": "2026-03-07",
    "tithi": 19,
    "paksha": "Krishna",
    "nakshatra": 16,
    "sunrise": "06:21 AM",
    "sunset": "06:18 PM",
    "tamil_day": 23,
    "tamil_month": "மாசி",
    "weekday_ta": "சனி",
    "festivals": []
  },
  {
    "date": "2026-03-08",
    "tithi": 20,
    "paksha": "Krishna",
    "nakshatra": 17,
    "sunrise": "06:20 AM",
    "sunset": "06:18 PM",
    "tamil_day": 24,
    "tamil_month": "மாசி",
    "weekday_ta": "ஞாயிறு",
    "festivals": []
  },
  {
    "date": "2026-03-09",
    "tithi": 21,
    "paksha": "Krishna",
    "nakshatra": 18,
    "sunrise": "06:20 AM",
    "sunset": "06:18 PM",
    "tamil_day": 25,
    "tamil_month": "மாசி",
    "weekday_ta": "திங்கள்",
    "festivals": []
  },
  {
    "date": "2026-03-10",
    "tithi": 22,
    "paksha": "Krishna",
    "nakshatra": 19,
    "sunrise": "06:19 AM",
    "sunset": "06:18 PM",
    "tamil_day": 26,
    "tamil_month": "மாசி",
    "weekday_ta": "செவ்வாய்",
    "festivals": []
  },
  {
    "date": "2026-03-11",
    "tithi": 23,
    "paksha": "Krishna",
    "nakshatra": 20,
    "sunrise": "06:19 AM",
    "sunset": "06:18 PM",
    "tamil_day": 27,
    "tamil_month": "மாசி",
    "weekday_ta": "புதன்",
    "festivals": []
  },
  {
    "date": "2026-03-12",
    "tithi": 24,
    "paksha": "Krishna",
    "nakshatra": 21,
    "sunrise": "06:18 AM",
    "sunset": "06:19 PM",
    "tamil_day": 28,
    "tamil_month": "மாசி",
    "weekday_ta": "வியாழன்",
    "festivals": []
  },
  {
    "date": "2026-03-13",
    "tithi": 24,
    "paksha": "Krishna",
    "nakshatra": 21,
    "sunrise": "06:17 AM",
    "sunset": "06:19 PM",
    "tamil_day": 29,
    "tamil_month": "மாசி",
    "weekday_ta": "வெள்ளி",
    "festivals": []
  },
  {
    "date": "2026-03-14",
    "tithi": 25,
    "paksha": "Krishna",
    "nakshatra": 22,
    "sunrise": "06:17 AM",
    "sunset": "06:19 PM",
    "tamil_day": 1,
    "tamil_month": "பங்குனி",
    "weekday_ta": "சனி",
    "festivals": []
  },
  {
    "date": "2026-03-15",
    "tithi": 26,
    "paksha": "Krishna",
    "nakshatra": 23,
    "sunrise": "06:16 AM",
    "sunset": "06:19 PM",
    "tamil_day": 2,
    "tamil_month": "பங்குனி",
    "weekday_ta": "ஞாயிறு",
    "festivals": []
  },
  {
    "date": "2026-03-16",
    "tithi": 27,
    "paksha": "Krishna",
    "nakshatra": 24,
    "sunrise": "06:15 AM",
    "sunset": "06:19 PM",
    "tamil_day": 3,
    "tamil_month": "பங்குனி",
    "weekday_ta": "திங்கள்",
    "festivals": []
  },
  {
    "date": "2026-03-17",
    "tithi": 28,
    "paksha": "Krishna",
    "nakshatra": 25,
    "sunrise": "06:15 AM",
    "sunset": "06:19 PM",
    "tamil_day": 4,
    "tamil_month": "பங்குனி",
    "weekday_ta": "செவ்வாய்",
    "festivals": [
      "பிரதோஷம்"
    ]
  },
  {
    "date": "2026-03-18",
    "tithi": 29,
    "paksha": "Krishna",
    "nakshatra": 26,
    "sunrise": "06:14 AM",
    "sunset": "06:19 PM",
    "tamil_day": 5,
    "tamil_month": "பங்குனி",
    "weekday_ta": "புதன்",
    "festivals": []
  },
  {
    "date": "2026-03-19",
    "tithi": 30,
    "paksha": "Krishna",
    "nakshatra": 27,
    "sunrise": "06:13 AM",
    "sunset": "06:19 PM",
    "tamil_day": 6,
    "tamil_month": "பங்குனி",
    "weekday_ta": "வியாழன்",
    "festivals": [
      "அமாவாசை"
    ]
  },
  {
    "date": "2026-03-20",
    "tithi": 2,
    "paksha": "Shukla",
    "nakshatra": 1,
    "sunrise": "06:13 AM",
    "sunset": "06:19 PM",
    "tamil_day": 7,
    "tamil_month": "பங்குனி",
    "weekday_ta": "வெள்ளி",
    "festivals": []
  },
  {
    "date": "2026-03-21",
    "tithi": 3,
    "paksha": "Shukla",
    "nakshatra": 2,
    "sunrise": "06:12 AM",
    "sunset": "06:19 PM",
    "tamil_day": 8,
    "tamil_month": "பங்குனி",
    "weekday_ta": "சனி",
    "festivals": []
  },
  {
    "date": "2026-03-22",
    "tithi": 4,
    "paksha": "Shukla",
    "nakshatra": 4,
    "sunrise": "06:11 AM",
    "sunset": "06:19 PM",
    "tamil_day": 9,
    "tamil_month": "பங்குனி",
    "weekday_ta": "ஞாயிறு",
    "festivals": []
  },
  {
    "date": "2026-03-23",
    "tithi": 5,
    "paksha": "Shukla",
    "nakshatra": 5,
    "sunrise": "06:11 AM",
    "sunset": "06:19 PM",
    "tamil_day": 10,
    "tamil_month": "பங்குனி",
    "weekday_ta": "திங்கள்",
    "festivals": []
  },
  {
    "date": "2026-03-24",
    "tithi": 6,
    "paksha": "Shukla",
    "nakshatra": 6,
    "sunrise": "06:10 AM",
    "sunset": "06:20 PM",
    "tamil_day": 11,
    "tamil_month": "பங்குனி",
    "weekday_ta": "செவ்வாய்",
    "festivals": [
      "சஷ்டி"
    ]
  },
  {
    "date": "2026-03-25",
    "tithi": 7,
    "paksha": "Shukla",
    "nakshatra": 7,
    "sunrise": "06:09 AM",
    "sunset": "06:20 PM",
    "tamil_day": 12,
    "tamil_month": "பங்குனி",
    "weekday_ta": "புதன்",
    "festivals": []
  },
  {
    "date": "2026-03-26",
    "tithi": 8,
    "paksha": "Shukla",
    "nakshatra": 8,
    "sunrise": "06:09 AM",
    "sunset": "06:20 PM",
    "tamil_day": 13,
    "tamil_month": "பங்குனி",
    "weekday_ta": "வியாழன்",
    "festivals": []
  },
  {
    "date": "2026-03-27",
    "tithi": 9,
    "paksha": "Shukla",
    "nakshatra": 9,
    "sunrise": "06:08 AM",
    "sunset": "06:20 PM",
    "tamil_day": 14,
    "tamil_month": "பங்குனி",
    "weekday_ta": "வெள்ளி",
    "festivals": []
  },
  {
    "date": "2026-03-28",
    "tithi": 10,
    "paksha": "Shukla",
    "nakshatra": 10,
    "sunrise": "06:07 AM",
    "sunset": "06:20 PM",
    "tamil_day": 15,
    "tamil_month": "பங்குனி",
    "weekday_ta": "சனி",
    "festivals": []
  },
  {
    "date": "2026-03-29",
    "tithi": 11,
    "paksha": "Shukla",
    "nakshatra": 11,
    "sunrise": "06:07 AM",
    "sunset": "06:20 PM",
    "tamil_day": 16,
    "tamil_month": "பங்குனி",
    "weekday_ta": "ஞாயிறு",
    "festivals": []
  },
  {
    "date": "2026-03-30",
    "tithi": 12,
    "paksha": "Shukla",
    "nakshatra": 12,
    "sunrise": "06:06 AM",
    "sunset": "06:20 PM",
    "tamil_day": 17,
    "tamil_month": "பங்குனி",
    "weekday_ta": "திங்கள்",
    "festivals": []
  },
  {
    "date": "2026-03-31",
    "tithi": 13,
    "paksha": "Shukla",
    "nakshatra": 13,
    "sunrise": "06:05 AM",
    "sunset": "06:20 PM",
    "tamil_day": 18,
    "tamil_month": "பங்குனி",
    "weekday_ta": "செவ்வாய்",
    "festivals": [
      "பிரதோஷம்",
      "பங்குனி உத்திரம்"
    ]
  },
  {
    "date": "2026-04-01",
    "tithi": 14,
    "paksha": "Shukla",
    "nakshatra": 14,
    "sunrise": "06:05 AM",
    "sunset": "06:20 PM",
    "tamil_day": 19,
    "tamil_month": "பங்குனி",
    "weekday_ta": "புதன்",
    "festivals": []
  },
  {
    "date": "2026-04-02",
    "tithi": 15,
    "paksha": "Shukla",
    "nakshatra": 15,
    "sunrise": "06:04 AM",
    "sunset": "06:20 PM",
    "tamil_day": 20,
    "tamil_month": "பங்குனி",
    "weekday_ta": "வியாழன்",
    "festivals": [
      "பௌர்ணமி"
    ]
  },
  {
    "date": "2026-04-03",
    "tithi": 16,
    "paksha": "Krishna",
    "nakshatra": 16,
    "sunrise": "06:03 AM",
    "sunset": "06:20 PM",
    "tamil_day": 21,
    "tamil_month": "பங்குனி",
    "weekday_ta": "வெள்ளி",
    "festivals": []
  },
  {
    "date": "2026-04-04",
    "tithi": 17,
    "paksha": "Krishna",
    "nakshatra": 17,
    "sunrise": "06:03 AM",
    "sunset": "06:20 PM",
    "tamil_day": 22,
    "tamil_month": "பங்குனி",
    "weekday_ta": "சனி",
    "festivals": []
  },
  {
    "date": "2026-04-05",
    "tithi": 18,
    "paksha": "Krishna",
    "nakshatra": 18,
    "sunrise": "06:02 AM",
    "sunset": "06:20 PM",
    "tamil_day": 23,
    "tamil_month": "பங்குனி",
    "weekday_ta": "ஞாயிறு",
    "festivals": []
  },
  {
    "date": "2026-04-06",
    "tithi": 19,
    "paksha": "Krishna",
    "nakshatra": 19,
    "sunrise": "06:02 AM",
    "sunset": "06:20 PM",
    "tamil_day": 24,
    "tamil_month": "பங்குனி",
    "weekday_ta": "திங்கள்",
    "festivals": []
  },
  {
    "date": "2026-04-07",
    "tithi": 20,
    "paksha": "Krishna",
    "nakshatra": 19,
    "sunrise": "06:01 AM",
    "sunset": "06:20 PM",
    "tamil_day": 25,
    "tamil_month": "பங்குனி",
    "weekday_ta": "செவ்வாய்",
    "festivals": []
  },
  {
    "date": "2026-04-08",
    "tithi": 21,
    "paksha": "Krishna",
    "nakshatra": 20,
    "sunrise": "06:00 AM",
    "sunset": "06:21 PM",
    "tamil_day": 26,
    "tamil_month": "பங்குனி",
    "weekday_ta": "புதன்",
    "festivals": []
  },
  {
    "date": "2026-04-09",
    "tithi": 22,
    "paksha": "Krishna",
    "nakshatra": 21,
    "sunrise": "06:00 AM",
    "sunset": "06:21 PM",
    "tamil_day": 27,
    "tamil_month": "பங்குனி",
    "weekday_ta": "வியாழன்",
    "festivals": []
  },
  {
    "date": "2026-04-10",
    "tithi": 23,
    "paksha": "Krishna",
    "nakshatra": 22,
    "sunrise": "05:59 AM",
    "sunset": "06:21 PM",
    "tamil_day": 28,
    "tamil_month": "பங்குனி",
    "weekday_ta": "வெள்ளி",
    "festivals": []
  },
  {
    "date": "2026-04-11",
    "tithi": 24,
    "paksha": "Krishna",
    "nakshatra": 23,
    "sunrise": "05:58 AM",
    "sunset": "06:21 PM",
    "tamil_day": 29,
    "tamil_month": "பங்குனி",
    "weekday_ta": "சனி",
    "festivals": []
  },
  {
    "date": "2026-04-12",
    "tithi": 25,
    "paksha": "Krishna",
    "nakshatra": 24,
    "sunrise": "05:58 AM",
    "sunset": "06:21 PM",
    "tamil_day": 30,
    "tamil_month": "பங்குனி",
    "weekday_ta": "ஞாயிறு",
    "festivals": []
  },
  {
    "date": "2026-04-13",
    "tithi": 26,
    "paksha": "Krishna",
    "nakshatra": 25,
    "sunrise": "05:57 AM",
    "sunset": "06:21 PM",
    "tamil_day": 31,
    "tamil_month": "பங்குனி",
    "weekday_ta": "திங்கள்",
    "festivals": []
  },
  {
    "date": "2026-04-14",
    "tithi": 27,
    "paksha": "Krishna",
    "nakshatra": 26,
    "sunrise": "05:57 AM",
    "sunset": "06:21 PM",
    "tamil_day": 1,
    "tamil_month": "சித்திரை",
    "weekday_ta": "செவ்வாய்",
    "festivals": []
  },
  {
    "date": "2026-04-15",
    "tithi": 28,
    "paksha": "Krishna",
    "nakshatra": 27,
    "sunrise": "05:56 AM",
    "sunset": "06:21 PM",
    "tamil_day": 2,
    "tamil_month": "சித்திரை",
    "weekday_ta": "புதன்",
    "festivals": [
      "பிரதோஷம்"
    ]
  },
  {
    "date": "2026-04-16",
    "tithi": 29,
    "paksha": "Krishna",
    "nakshatra": 1,
    "sunrise": "05:55 AM",
    "sunset": "06:21 PM",
    "tamil_day": 3,
    "tamil_month": "சித்திரை",
    "weekday_ta": "வியாழன்",
    "festivals": []
  },
  {
    "date": "2026-04-17",
    "tithi": 30,
    "paksha": "Krishna",
    "nakshatra": 2,
    "sunrise": "05:55 AM",
    "sunset": "06:21 PM",
    "tamil_day": 4,
    "tamil_month": "சித்திரை",
    "weekday_ta": "வெள்ளி",
    "festivals": [
      "அமாவாசை"
    ]
  },
  {
    "date": "2026-04-18",
    "tithi": 1,
    "paksha": "Shukla",
    "nakshatra": 3,
    "sunrise": "05:54 AM",
    "sunset": "06:22 PM",
    "tamil_day": 5,
    "tamil_month": "சித்திரை",
    "weekday_ta": "சனி",
    "festivals": [
      "கார்த்திகை"
    ]
  },
  {
    "date": "2026-04-19",
    "tithi": 2,
    "paksha": "Shukla",
    "nakshatra": 4,
    "sunrise": "05:54 AM",
    "sunset": "06:22 PM",
    "tamil_day": 6,
    "tamil_month": "சித்திரை",
    "weekday_ta": "ஞாயிறு",
    "festivals": []
  },
  {
    "date": "2026-04-20",
    "tithi": 3,
    "paksha": "Shukla",
    "nakshatra": 5,
    "sunrise": "05:53 AM",
    "sunset": "06:22 PM",
    "tamil_day": 7,
    "tamil_month": "சித்திரை",
    "weekday_ta": "திங்கள்",
    "festivals": []
  },
  {
    "date": "2026-04-21",
    "tithi": 5,
    "paksha": "Shukla",
    "nakshatra": 6,
    "sunrise": "05:53 AM",
    "sunset": "06:22 PM",
    "tamil_day": 8,
    "tamil_month": "சித்திரை",
    "weekday_ta": "செவ்வாய்",
    "festivals": []
  },
  {
    "date": "2026-04-22",
    "tithi": 6,
    "paksha": "Shukla",
    "nakshatra": 8,
    "sunrise": "05:52 AM",
    "sunset": "06:22 PM",
    "tamil_day": 9,
    "tamil_month": "சித்திரை",
    "weekday_ta": "புதன்",
    "festivals": [
      "சஷ்டி"
    ]
  },
  {
    "date": "2026-04-23",
    "tithi": 7,
    "paksha": "Shukla",
    "nakshatra": 9,
    "sunrise": "05:52 AM",
    "sunset": "06:22 PM",
    "tamil_day": 10,
    "tamil_month": "சித்திரை",
    "weekday_ta": "வியாழன்",
    "festivals": []
  },
  {
    "date": "2026-04-24",
    "tithi": 8,
    "paksha": "Shukla",
    "nakshatra": 10,
    "sunrise": "05:51 AM",
    "sunset": "06:22 PM",
    "tamil_day": 11,
    "tamil_month": "சித்திரை",
    "weekday_ta": "வெள்ளி",
    "festivals": []
  },
  {
    "date": "2026-04-25",
    "tithi": 9,
    "paksha": "Shukla",
    "nakshatra": 11,
    "sunrise": "05:51 AM",
    "sunset": "06:22 PM",
    "tamil_day": 12,
    "tamil_month": "சித்திரை",
    "weekday_ta": "சனி",
    "festivals": []
  },
  {
    "date": "2026-04-26",
    "tithi": 10,
    "paksha": "Shukla",
    "nakshatra": 12,
    "sunrise": "05:50 AM",
    "sunset": "06:23 PM",
    "tamil_day": 13,
    "tamil_month": "சித்திரை",
    "weekday_ta": "ஞாயிறு",
    "festivals": []
  },
  {
    "date": "2026-04-27",
    "tithi": 11,
    "paksha": "Shukla",
    "nakshatra": 13,
    "sunrise": "05:50 AM",
    "sunset": "06:23 PM",
    "tamil_day": 14,
    "tamil_month": "சித்திரை",
    "weekday_ta": "திங்கள்",
    "festivals": []
  },
  {
    "date": "2026-04-28",
    "tithi": 12,
    "paksha": "Shukla",
    "nakshatra": 14,
    "sunrise": "05:49 AM",
    "sunset": "06:23 PM",
    "tamil_day": 15,
    "tamil_month": "சித்திரை",
    "weekday_ta": "செவ்வாய்",
    "festivals": []
  },
  {
    "date": "2026-04-29",
    "tithi": 13,
    "paksha": "Shukla",
    "nakshatra": 15,
    "sunrise": "05:49 AM",
    "sunset": "06:23 PM",
    "tamil_day": 16,
    "tamil_month": "சித்திரை",
    "weekday_ta": "புதன்",
    "festivals": [
      "பிரதோஷம்"
    ]
  },
  {
    "date": "2026-04-30",
    "tithi": 14,
    "paksha": "Shukla",
    "nakshatra": 16,
    "sunrise": "05:48 AM",
    "sunset": "06:23 PM",
    "tamil_day": 17,
    "tamil_month": "சித்திரை",
    "weekday_ta": "வியாழன்",
    "festivals": []
  },
  {
    "date": "2026-05-01",
    "tithi": 15,
    "paksha": "Shukla",
    "nakshatra": 16,
    "sunrise": "05:48 AM",
    "sunset": "06:23 PM",
    "tamil_day": 18,
    "tamil_month": "சித்திரை",
    "weekday_ta": "வெள்ளி",
    "festivals": [
      "பௌர்ணமி"
    ]
  },
  {
    "date": "2026-05-02",
    "tithi": 16,
    "paksha": "Krishna",
    "nakshatra": 17,
    "sunrise": "05:47 AM",
    "sunset": "06:24 PM",
    "tamil_day": 19,
    "tamil_month": "சித்திரை",
    "weekday_ta": "சனி",
    "festivals": []
  },
  {
    "date": "2026-05-03",
    "tithi": 17,
    "paksha": "Krishna",
    "nakshatra": 18,
    "sunrise": "05:47 AM",
    "sunset": "06:24 PM",
    "tamil_day": 20,
    "tamil_month": "சித்திரை",
    "weekday_ta": "ஞாயிறு",
    "festivals": []
  },
  {
    "date": "2026-05-04",
    "tithi": 18,
    "paksha": "Krishna",
    "nakshatra": 19,
    "sunrise": "05:46 AM",
    "sunset": "06:24 PM",
    "tamil_day": 21,
    "tamil_month": "சித்திரை",
    "weekday_ta": "திங்கள்",
    "festivals": []
  },
  {
    "date": "2026-05-05",
    "tithi": 19,
    "paksha": "Krishna",
    "nakshatra": 20,
    "sunrise": "05:46 AM",
    "sunset": "06:24 PM",
    "tamil_day": 22,
    "tamil_month": "சித்திரை",
    "weekday_ta": "செவ்வாய்",
    "festivals": []
  },
  {
    "date": "2026-05-06",
    "tithi": 19,
    "paksha": "Krishna",
    "nakshatra": 21,
    "sunrise": "05:46 AM",
    "sunset": "06:25 PM",
    "tamil_day": 23,
    "tamil_month": "சித்திரை",
    "weekday_ta": "புதன்",
    "festivals": []
  },
  {
    "date": "2026-05-07",
    "tithi": 20,
    "paksha": "Krishna",
    "nakshatra": 22,
    "sunrise": "05:45 AM",
    "sunset": "06:25 PM",
    "tamil_day": 24,
    "tamil_month": "சித்திரை",
    "weekday_ta": "வியாழன்",
    "festivals": []
  },
  {
    "date": "2026-05-08",
    "tithi": 21,
    "paksha": "Krishna",
    "nakshatra": 23,
    "sunrise": "05:45 AM",
    "sunset": "06:25 PM",
    "tamil_day": 25,
    "tamil_month": "சித்திரை",
    "weekday_ta": "வெள்ளி",
    "festivals": []
  },
  {
    "date": "2026-05-09",
    "tithi": 22,
    "paksha": "Krishna",
    "nakshatra": 24,
    "sunrise": "05:45 AM",
    "sunset": "06:25 PM",
    "tamil_day": 26,
    "tamil_month": "சித்திரை",
    "weekday_ta": "சனி",
    "festivals": []
  },
  {
    "date": "2026-05-10",
    "tithi": 23,
    "paksha": "Krishna",
    "nakshatra": 25,
    "sunrise": "05:44 AM",
    "sunset": "06:25 PM",
    "tamil_day": 27,
    "tamil_month": "சித்திரை",
    "weekday_ta": "ஞாயிறு",
    "festivals": []
  },
  {
    "date": "2026-05-11",
    "tithi": 24,
    "paksha": "Krishna",
    "nakshatra": 25,
    "sunrise": "05:44 AM",
    "sunset": "06:26 PM",
    "tamil_day": 28,
    "tamil_month": "சித்திரை",
    "weekday_ta": "திங்கள்",
    "festivals": []
  },
  {
    "date": "2026-05-12",
    "tithi": 25,
    "paksha": "Krishna",
    "nakshatra": 26,
    "sunrise": "05:44 AM",
    "sunset": "06:26 PM",
    "tamil_day": 29,
    "tamil_month": "சித்திரை",
    "weekday_ta": "செவ்வாய்",
    "festivals": []
  },
  {
    "date": "2026-05-13",
    "tithi": 26,
    "paksha": "Krishna",
    "nakshatra": 27,
    "sunrise": "05:43 AM",
    "sunset": "06:26 PM",
    "tamil_day": 30,
    "tamil_month": "சித்திரை",
    "weekday_ta": "புதன்",
    "festivals": []
  },
  {
    "date": "2026-05-14",
    "tithi": 27,
    "paksha": "Krishna",
    "nakshatra": 2,
    "sunrise": "05:43 AM",
    "sunset": "06:26 PM",
    "tamil_day": 31,
    "tamil_month": "சித்திரை",
    "weekday_ta": "வியாழன்",
    "festivals": []
  },
  {
    "date": "2026-05-15",
    "tithi": 28,
    "paksha": "Krishna",
    "nakshatra": 3,
    "sunrise": "05:43 AM",
    "sunset": "06:27 PM",
    "tamil_day": 1,
    "tamil_month": "வைகாசி",
    "weekday_ta": "வெள்ளி",
    "festivals": [
      "பிரதோஷம்",
      "கார்த்திகை"
    ]
  },
  {
    "date": "2026-05-16",
    "tithi": 30,
    "paksha": "Krishna",
    "nakshatra": 4,
    "sunrise": "05:43 AM",
    "sunset": "06:27 PM",
    "tamil_day": 2,
    "tamil_month": "வைகாசி",
    "weekday_ta": "சனி",
    "festivals": [
      "அமாவாசை"
    ]
  },
  {
    "date": "2026-05-17",
    "tithi": 1,
    "paksha": "Shukla",
    "nakshatra": 5,
    "sunrise": "05:43 AM",
    "sunset": "06:27 PM",
    "tamil_day": 3,
    "tamil_month": "வைகாசி",
    "weekday_ta": "ஞாயிறு",
    "festivals": []
  },
  {
    "date": "2026-05-18",
    "tithi": 2,
    "paksha": "Shukla",
    "nakshatra": 6,
    "sunrise": "05:42 AM",
    "sunset": "06:27 PM",
    "tamil_day": 4,
    "tamil_month": "வைகாசி",
    "weekday_ta": "திங்கள்",
    "festivals": []
  },
  {
    "date": "2026-05-19",
    "tithi": 3,
    "paksha": "Shukla",
    "nakshatra": 7,
    "sunrise": "05:42 AM",
    "sunset": "06:28 PM",
    "tamil_day": 5,
    "tamil_month": "வைகாசி",
    "weekday_ta": "செவ்வாய்",
    "festivals": []
  },
  {
    "date": "2026-05-20",
    "tithi": 4,
    "paksha": "Shukla",
    "nakshatra": 8,
    "sunrise": "05:42 AM",
    "sunset": "06:28 PM",
    "tamil_day": 6,
    "tamil_month": "வைகாசி",
    "weekday_ta": "புதன்",
    "festivals": []
  },
  {
    "date": "2026-05-21",
    "tithi": 5,
    "paksha": "Shukla",
    "nakshatra": 9,
    "sunrise": "05:42 AM",
    "sunset": "06:28 PM",
    "tamil_day": 7,
    "tamil_month": "வைகாசி",
    "weekday_ta": "வியாழன்",
    "festivals": []
  },
  {
    "date": "2026-05-22",
    "tithi": 6,
    "paksha": "Shukla",
    "nakshatra": 10,
    "sunrise": "05:42 AM",
    "sunset": "06:29 PM",
    "tamil_day": 8,
    "tamil_month": "வைகாசி",
    "weekday_ta": "வெள்ளி",
    "festivals": [
      "சஷ்டி"
    ]
  },
  {
    "date": "2026-05-23",
    "tithi": 8,
    "paksha": "Shukla",
    "nakshatra": 11,
    "sunrise": "05:41 AM",
    "sunset": "06:29 PM",
    "tamil_day": 9,
    "tamil_month": "வைகாசி",
    "weekday_ta": "சனி",
    "festivals": []
  },
  {
    "date": "2026-05-24",
    "tithi": 9,
    "paksha": "Shukla",
    "nakshatra": 12,
    "sunrise": "05:41 AM",
    "sunset": "06:29 PM",
    "tamil_day": 10,
    "tamil_month": "வைகாசி",
    "weekday_ta": "ஞாயிறு",
    "festivals": []
  },
  {
    "date": "2026-05-25",
    "tithi": 10,
    "paksha": "Shukla",
    "nakshatra": 13,
    "sunrise": "05:41 AM",
    "sunset": "06:30 PM",
    "tamil_day": 11,
    "tamil_month": "வைகாசி",
    "weekday_ta": "திங்கள்",
    "festivals": []
  },
  {
    "date": "2026-05-26",
    "tithi": 11,
    "paksha": "Shukla",
    "nakshatra": 14,
    "sunrise": "05:41 AM",
    "sunset": "06:30 PM",
    "tamil_day": 12,
    "tamil_month": "வைகாசி",
    "weekday_ta": "செவ்வாய்",
    "festivals": []
  },
  {
    "date": "2026-05-27",
    "tithi": 11,
    "paksha": "Shukla",
    "nakshatra": 15,
    "sunrise": "05:41 AM",
    "sunset": "06:30 PM",
    "tamil_day": 13,
    "tamil_month": "வைகாசி",
    "weekday_ta": "புதன்",
    "festivals": []
  },
  {
    "date": "2026-05-28",
    "tithi": 12,
    "paksha": "Shukla",
    "nakshatra": 16,
    "sunrise": "05:41 AM",
    "sunset": "06:30 PM",
    "tamil_day": 14,
    "tamil_month": "வைகாசி",
    "weekday_ta": "வியாழன்",
    "festivals": []
  },
  {
    "date": "2026-05-29",
    "tithi": 13,
    "paksha": "Shukla",
    "nakshatra": 17,
    "sunrise": "05:41 AM",
    "sunset": "06:31 PM",
    "tamil_day": 15,
    "tamil_month": "வைகாசி",
    "weekday_ta": "வெள்ளி",
    "festivals": [
      "பிரதோஷம்"
    ]
  },
  {
    "date": "2026-05-30",
    "tithi": 14,
    "paksha": "Shukla",
    "nakshatra": 18,
    "sunrise": "05:41 AM",
    "sunset": "06:31 PM",
    "tamil_day": 16,
    "tamil_month": "வைகாசி",
    "weekday_ta": "சனி",
    "festivals": []
  },
  {
    "date": "2026-05-31",
    "tithi": 15,
    "paksha": "Shukla",
    "nakshatra": 19,
    "sunrise": "05:41 AM",
    "sunset": "06:31 PM",
    "tamil_day": 17,
    "tamil_month": "வைகாசி",
    "weekday_ta": "ஞாயிறு",
    "festivals": [
      "பௌர்ணமி",
      "வைகாசி விசாகம்"
    ]
  },
  {
    "date": "2026-06-01",
    "tithi": 16,
    "paksha": "Krishna",
    "nakshatra": 20,
    "sunrise": "05:41 AM",
    "sunset": "06:32 PM",
    "tamil_day": 18,
    "tamil_month": "வைகாசி",
    "weekday_ta": "திங்கள்",
    "festivals": []
  },
  {
    "date": "2026-06-02",
    "tithi": 17,
    "paksha": "Krishna",
    "nakshatra": 21,
    "sunrise": "05:41 AM",
    "sunset": "06:32 PM",
    "tamil_day": 19,
    "tamil_month": "வைகாசி",
    "weekday_ta": "செவ்வாய்",
    "festivals": []
  },
  {
    "date": "2026-06-03",
    "tithi": 18,
    "paksha": "Krishna",
    "nakshatra": 22,
    "sunrise": "05:41 AM",
    "sunset": "06:32 PM",
    "tamil_day": 20,
    "tamil_month": "வைகாசி",
    "weekday_ta": "புதன்",
    "festivals": []
  },
  {
    "date": "2026-06-04",
    "tithi": 19,
    "paksha": "Krishna",
    "nakshatra": 22,
    "sunrise": "05:41 AM",
    "sunset": "06:33 PM",
    "tamil_day": 21,
    "tamil_month": "வைகாசி",
    "weekday_ta": "வியாழன்",
    "festivals": []
  },
  {
    "date": "2026-06-05",
    "tithi": 20,
    "paksha": "Krishna",
    "nakshatra": 23,
    "sunrise": "05:41 AM",
    "sunset": "06:33 PM",
    "tamil_day": 22,
    "tamil_month": "வைகாசி",
    "weekday_ta": "வெள்ளி",
    "festivals": []
  },
  {
    "date": "2026-06-06",
    "tithi": 21,
    "paksha": "Krishna",
    "nakshatra": 24,
    "sunrise": "05:41 AM",
    "sunset": "06:33 PM",
    "tamil_day": 23,
    "tamil_month": "வைகாசி",
    "weekday_ta": "சனி",
    "festivals": []
  },
  {
    "date": "2026-06-07",
    "tithi": 22,
    "paksha": "Krishna",
    "nakshatra": 25,
    "sunrise": "05:41 AM",
    "sunset": "06:33 PM",
    "tamil_day": 24,
    "tamil_month": "வைகாசி",
    "weekday_ta": "ஞாயிறு",
    "festivals": []
  },
  {
    "date": "2026-06-08",
    "tithi": 23,
    "paksha": "Krishna",
    "nakshatra": 26,
    "sunrise": "05:41 AM",
    "sunset": "06:34 PM",
    "tamil_day": 25,
    "tamil_month": "வைகாசி",
    "weekday_ta": "திங்கள்",
    "festivals": []
  },
  {
    "date": "2026-06-09",
    "tithi": 24,
    "paksha": "Krishna",
    "nakshatra": 27,
    "sunrise": "05:41 AM",
    "sunset": "06:34 PM",
    "tamil_day": 26,
    "tamil_month": "வைகாசி",
    "weekday_ta": "செவ்வாய்",
    "festivals": []
  },
  {
    "date": "2026-06-10",
    "tithi": 25,
    "paksha": "Krishna",
    "nakshatra": 1,
    "sunrise": "05:41 AM",
    "sunset": "06:34 PM",
    "tamil_day": 27,
    "tamil_month": "வைகாசி",
    "weekday_ta": "புதன்",
    "festivals": []
  },
  {
    "date": "2026-06-11",
    "tithi": 26,
    "paksha": "Krishna",
    "nakshatra": 2,
    "sunrise": "05:42 AM",
    "sunset": "06:35 PM",
    "tamil_day": 28,
    "tamil_month": "வைகாசி",
    "weekday_ta": "வியாழன்",
    "festivals": []
  },
  {
    "date": "2026-06-12",
    "tithi": 27,
    "paksha": "Krishna",
    "nakshatra": 3,
    "sunrise": "05:42 AM",
    "sunset": "06:35 PM",
    "tamil_day": 29,
    "tamil_month": "வைகாசி",
    "weekday_ta": "வெள்ளி",
    "festivals": [
      "கார்த்திகை"
    ]
  },
  {
    "date": "2026-06-13",
    "tithi": 28,
    "paksha": "Krishna",
    "nakshatra": 4,
    "sunrise": "05:42 AM",
    "sunset": "06:35 PM",
    "tamil_day": 30,
    "tamil_month": "வைகாசி",
    "weekday_ta": "சனி",
    "festivals": [
      "பிரதோஷம்"
    ]
  },
  {
    "date": "2026-06-14",
    "tithi": 29,
    "paksha": "Krishna",
    "nakshatra": 6,
    "sunrise": "05:42 AM",
    "sunset": "06:35 PM",
    "tamil_day": 31,
    "tamil_month": "வைகாசி",
    "weekday_ta": "ஞாயிறு",
    "festivals": []
  },
  {
    "date": "2026-06-15",
    "tithi": 30,
    "paksha": "Krishna",
    "nakshatra": 7,
    "sunrise": "05:42 AM",
    "sunset": "06:36 PM",
    "tamil_day": 1,
    "tamil_month": "ஆனி",
    "weekday_ta": "திங்கள்",
    "festivals": [
      "அமாவாசை"
    ]
  },
  {
    "date": "2026-06-16",
    "tithi": 2,
    "paksha": "Shukla",
    "nakshatra": 8,
    "sunrise": "05:42 AM",
    "sunset": "06:36 PM",
    "tamil_day": 2,
    "tamil_month": "ஆனி",
    "weekday_ta": "செவ்வாய்",
    "festivals": []
  },
  {
    "date": "2026-06-17",
    "tithi": 3,
    "paksha": "Shukla",
    "nakshatra": 9,
    "sunrise": "05:42 AM",
    "sunset": "06:36 PM",
    "tamil_day": 3,
    "tamil_month": "ஆனி",
    "weekday_ta": "புதன்",
    "festivals": []
  },
  {
    "date": "2026-06-18",
    "tithi": 4,
    "paksha": "Shukla",
    "nakshatra": 10,
    "sunrise": "05:43 AM",
    "sunset": "06:36 PM",
    "tamil_day": 4,
    "tamil_month": "ஆனி",
    "weekday_ta": "வியாழன்",
    "festivals": []
  },
  {
    "date": "2026-06-19",
    "tithi": 5,
    "paksha": "Shukla",
    "nakshatra": 11,
    "sunrise": "05:43 AM",
    "sunset": "06:37 PM",
    "tamil_day": 5,
    "tamil_month": "ஆனி",
    "weekday_ta": "வெள்ளி",
    "festivals": []
  },
  {
    "date": "2026-06-20",
    "tithi": 6,
    "paksha": "Shukla",
    "nakshatra": 12,
    "sunrise": "05:43 AM",
    "sunset": "06:37 PM",
    "tamil_day": 6,
    "tamil_month": "ஆனி",
    "weekday_ta": "சனி",
    "festivals": [
      "சஷ்டி"
    ]
  },
  {
    "date": "2026-06-21",
    "tithi": 7,
    "paksha": "Shukla",
    "nakshatra": 13,
    "sunrise": "05:43 AM",
    "sunset": "06:37 PM",
    "tamil_day": 7,
    "tamil_month": "ஆனி",
    "weekday_ta": "ஞாயிறு",
    "festivals": []
  },
  {
    "date": "2026-06-22",
    "tithi": 8,
    "paksha": "Shukla",
    "nakshatra": 14,
    "sunrise": "05:43 AM",
    "sunset": "06:37 PM",
    "tamil_day": 8,
    "tamil_month": "ஆனி",
    "weekday_ta": "திங்கள்",
    "festivals": []
  },
  {
    "date": "2026-06-23",
    "tithi": 9,
    "paksha": "Shukla",
    "nakshatra": 15,
    "sunrise": "05:44 AM",
    "sunset": "06:38 PM",
    "tamil_day": 9,
    "tamil_month": "ஆனி",
    "weekday_ta": "செவ்வாய்",
    "festivals": []
  },
  {
    "date": "2026-06-24",
    "tithi": 10,
    "paksha": "Shukla",
    "nakshatra": 16,
    "sunrise": "05:44 AM",
    "sunset": "06:38 PM",
    "tamil_day": 10,
    "tamil_month": "ஆனி",
    "weekday_ta": "புதன்",
    "festivals": []
  },
  {
    "date": "2026-06-25",
    "tithi": 11,
    "paksha": "Shukla",
    "nakshatra": 17,
    "sunrise": "05:44 AM",
    "sunset": "06:38 PM",
    "tamil_day": 11,
    "tamil_month": "ஆனி",
    "weekday_ta": "வியாழன்",
    "festivals": []
  },
  {
    "date": "2026-06-26",
    "tithi": 12,
    "paksha": "Shukla",
    "nakshatra": 18,
    "sunrise": "05:44 AM",
    "sunset": "06:38 PM",
    "tamil_day": 12,
    "tamil_month": "ஆனி",
    "weekday_ta": "வெள்ளி",
    "festivals": []
  },
  {
    "date": "2026-06-27",
    "tithi": 13,
    "paksha": "Shukla",
    "nakshatra": 19,
    "sunrise": "05:45 AM",
    "sunset": "06:38 PM",
    "tamil_day": 13,
    "tamil_month": "ஆனி",
    "weekday_ta": "சனி",
    "festivals": [
      "பிரதோஷம்"
    ]
  },
  {
    "date": "2026-06-28",
    "tithi": 14,
    "paksha": "Shukla",
    "nakshatra": 20,
    "sunrise": "05:45 AM",
    "sunset": "06:38 PM",
    "tamil_day": 14,
    "tamil_month": "ஆனி",
    "weekday_ta": "ஞாயிறு",
    "festivals": []
  },
  {
    "date": "2026-06-29",
    "tithi": 15,
    "paksha": "Shukla",
    "nakshatra": 20,
    "sunrise": "05:45 AM",
    "sunset": "06:39 PM",
    "tamil_day": 15,
    "tamil_month": "ஆனி",
    "weekday_ta": "திங்கள்",
    "festivals": [
      "பௌர்ணமி"
    ]
  },
  {
    "date": "2026-06-30",
    "tithi": 16,
    "paksha": "Krishna",
    "nakshatra": 21,
    "sunrise": "05:45 AM",
    "sunset": "06:39 PM",
    "tamil_day": 16,
    "tamil_month": "ஆனி",
    "weekday_ta": "செவ்வாய்",
    "festivals": []
  },
  {
    "date": "2026-07-01",
    "tithi": 16,
    "paksha": "Krishna",
    "nakshatra": 22,
    "sunrise": "05:46 AM",
    "sunset": "06:39 PM",
    "tamil_day": 17,
    "tamil_month": "ஆனி",
    "weekday_ta": "புதன்",
    "festivals": []
  },
  {
    "date": "2026-07-02",
    "tithi": 17,
    "paksha": "Krishna",
    "nakshatra": 23,
    "sunrise": "05:46 AM",
    "sunset": "06:39 PM",
    "tamil_day": 18,
    "tamil_month": "ஆனி",
    "weekday_ta": "வியாழன்",
    "festivals": []
  },
  {
    "date": "2026-07-03",
    "tithi": 18,
    "paksha": "Krishna",
    "nakshatra": 24,
    "sunrise": "05:46 AM",
    "sunset": "06:39 PM",
    "tamil_day": 19,
    "tamil_month": "ஆனி",
    "weekday_ta": "வெள்ளி",
    "festivals": []
  },
  {
    "date": "2026-07-04",
    "tithi": 19,
    "paksha": "Krishna",
    "nakshatra": 25,
    "sunrise": "05:47 AM",
    "sunset": "06:39 PM",
    "tamil_day": 20,
    "tamil_month": "ஆனி",
    "weekday_ta": "சனி",
    "festivals": []
  },
  {
    "date": "2026-07-05",
    "tithi": 20,
    "paksha": "Krishna",
    "nakshatra": 26,
    "sunrise": "05:47 AM",
    "sunset": "06:39 PM",
    "tamil_day": 21,
    "tamil_month": "ஆனி",
    "weekday_ta": "ஞாயிறு",
    "festivals": []
  },
  {
    "date": "2026-07-06",
    "tithi": 21,
    "paksha": "Krishna",
    "nakshatra": 27,
    "sunrise": "05:47 AM",
    "sunset": "06:39 PM",
    "tamil_day": 22,
    "tamil_month": "ஆனி",
    "weekday_ta": "திங்கள்",
    "festivals": []
  },
  {
    "date": "2026-07-07",
    "tithi": 22,
    "paksha": "Krishna",
    "nakshatra": 1,
    "sunrise": "05:47 AM",
    "sunset": "06:39 PM",
    "tamil_day": 23,
    "tamil_month": "ஆனி",
    "weekday_ta": "செவ்வாய்",
    "festivals": []
  },
  {
    "date": "2026-07-08",
    "tithi": 23,
    "paksha": "Krishna",
    "nakshatra": 2,
    "sunrise": "05:48 AM",
    "sunset": "06:39 PM",
    "tamil_day": 24,
    "tamil_month": "ஆனி",
    "weekday_ta": "புதன்",
    "festivals": []
  },
  {
    "date": "2026-07-09",
    "tithi": 24,
    "paksha": "Krishna",
    "nakshatra": 3,
    "sunrise": "05:48 AM",
    "sunset": "06:39 PM",
    "tamil_day": 25,
    "tamil_month": "ஆனி",
    "weekday_ta": "வியாழன்",
    "festivals": [
      "கார்த்திகை"
    ]
  },
  {
    "date": "2026-07-10",
    "tithi": 25,
    "paksha": "Krishna",
    "nakshatra": 4,
    "sunrise": "05:48 AM",
    "sunset": "06:39 PM",
    "tamil_day": 26,
    "tamil_month": "ஆனி",
    "weekday_ta": "வெள்ளி",
    "festivals": []
  },
  {
    "date": "2026-07-11",
    "tithi": 27,
    "paksha": "Krishna",
    "nakshatra": 5,
    "sunrise": "05:49 AM",
    "sunset": "06:39 PM",
    "tamil_day": 27,
    "tamil_month": "ஆனி",
    "weekday_ta": "சனி",
    "festivals": []
  },
  {
    "date": "2026-07-12",
    "tithi": 28,
    "paksha": "Krishna",
    "nakshatra": 6,
    "sunrise": "05:49 AM",
    "sunset": "06:39 PM",
    "tamil_day": 28,
    "tamil_month": "ஆனி",
    "weekday_ta": "ஞாயிறு",
    "festivals": [
      "பிரதோஷம்"
    ]
  },
  {
    "date": "2026-07-13",
    "tithi": 29,
    "paksha": "Krishna",
    "nakshatra": 7,
    "sunrise": "05:49 AM",
    "sunset": "06:39 PM",
    "tamil_day": 29,
    "tamil_month": "ஆனி",
    "weekday_ta": "திங்கள்",
    "festivals": []
  },
  {
    "date": "2026-07-14",
    "tithi": 30,
    "paksha": "Krishna",
    "nakshatra": 8,
    "sunrise": "05:49 AM",
    "sunset": "06:39 PM",
    "tamil_day": 30,
    "tamil_month": "ஆனி",
    "weekday_ta": "செவ்வாய்",
    "festivals": [
      "அமாவாசை"
    ]
  },
  {
    "date": "2026-07-15",
    "tithi": 1,
    "paksha": "Shukla",
    "nakshatra": 10,
    "sunrise": "05:50 AM",
    "sunset": "06:39 PM",
    "tamil_day": 31,
    "tamil_month": "ஆனி",
    "weekday_ta": "புதன்",
    "festivals": []
  },
  {
    "date": "2026-07-16",
    "tithi": 2,
    "paksha": "Shukla",
    "nakshatra": 11,
    "sunrise": "05:50 AM",
    "sunset": "06:39 PM",
    "tamil_day": 1,
    "tamil_month": "ஆடி",
    "weekday_ta": "வியாழன்",
    "festivals": []
  },
  {
    "date": "2026-07-17",
    "tithi": 3,
    "paksha": "Shukla",
    "nakshatra": 12,
    "sunrise": "05:50 AM",
    "sunset": "06:39 PM",
    "tamil_day": 2,
    "tamil_month": "ஆடி",
    "weekday_ta": "வெள்ளி",
    "festivals": []
  },
  {
    "date": "2026-07-18",
    "tithi": 5,
    "paksha": "Shukla",
    "nakshatra": 13,
    "sunrise": "05:50 AM",
    "sunset": "06:39 PM",
    "tamil_day": 3,
    "tamil_month": "ஆடி",
    "weekday_ta": "சனி",
    "festivals": []
  },
  {
    "date": "2026-07-19",
    "tithi": 6,
    "paksha": "Shukla",
    "nakshatra": 14,
    "sunrise": "05:51 AM",
    "sunset": "06:39 PM",
    "tamil_day": 4,
    "tamil_month": "ஆடி",
    "weekday_ta": "ஞாயிறு",
    "festivals": [
      "சஷ்டி"
    ]
  },
  {
    "date": "2026-07-20",
    "tithi": 7,
    "paksha": "Shukla",
    "nakshatra": 15,
    "sunrise": "05:51 AM",
    "sunset": "06:39 PM",
    "tamil_day": 5,
    "tamil_month": "ஆடி",
    "weekday_ta": "திங்கள்",
    "festivals": []
  },
  {
    "date": "2026-07-21",
    "tithi": 8,
    "paksha": "Shukla",
    "nakshatra": 16,
    "sunrise": "05:51 AM",
    "sunset": "06:38 PM",
    "tamil_day": 6,
    "tamil_month": "ஆடி",
    "weekday_ta": "செவ்வாய்",
    "festivals": []
  },
  {
    "date": "2026-07-22",
    "tithi": 9,
    "paksha": "Shukla",
    "nakshatra": 17,
    "sunrise": "05:52 AM",
    "sunset": "06:38 PM",
    "tamil_day": 7,
    "tamil_month": "ஆடி",
    "weekday_ta": "புதன்",
    "festivals": []
  },
  {
    "date": "2026-07-23",
    "tithi": 9,
    "paksha": "Shukla",
    "nakshatra": 18,
    "sunrise": "05:52 AM",
    "sunset": "06:38 PM",
    "tamil_day": 8,
    "tamil_month": "ஆடி",
    "weekday_ta": "வியாழன்",
    "festivals": []
  },
  {
    "date": "2026-07-24",
    "tithi": 10,
    "paksha": "Shukla",
    "nakshatra": 18,
    "sunrise": "05:52 AM",
    "sunset": "06:38 PM",
    "tamil_day": 9,
    "tamil_month": "ஆடி",
    "weekday_ta": "வெள்ளி",
    "festivals": []
  },
  {
    "date": "2026-07-25",
    "tithi": 11,
    "paksha": "Shukla",
    "nakshatra": 19,
    "sunrise": "05:52 AM",
    "sunset": "06:38 PM",
    "tamil_day": 10,
    "tamil_month": "ஆடி",
    "weekday_ta": "சனி",
    "festivals": []
  },
  {
    "date": "2026-07-26",
    "tithi": 12,
    "paksha": "Shukla",
    "nakshatra": 20,
    "sunrise": "05:52 AM",
    "sunset": "06:37 PM",
    "tamil_day": 11,
    "tamil_month": "ஆடி",
    "weekday_ta": "ஞாயிறு",
    "festivals": []
  },
  {
    "date": "2026-07-27",
    "tithi": 13,
    "paksha": "Shukla",
    "nakshatra": 21,
    "sunrise": "05:53 AM",
    "sunset": "06:37 PM",
    "tamil_day": 12,
    "tamil_month": "ஆடி",
    "weekday_ta": "திங்கள்",
    "festivals": [
      "பிரதோஷம்"
    ]
  },
  {
    "date": "2026-07-28",
    "tithi": 14,
    "paksha": "Shukla",
    "nakshatra": 22,
    "sunrise": "05:53 AM",
    "sunset": "06:37 PM",
    "tamil_day": 13,
    "tamil_month": "ஆடி",
    "weekday_ta": "செவ்வாய்",
    "festivals": []
  },
  {
    "date": "2026-07-29",
    "tithi": 15,
    "paksha": "Shukla",
    "nakshatra": 23,
    "sunrise": "05:53 AM",
    "sunset": "06:37 PM",
    "tamil_day": 14,
    "tamil_month": "ஆடி",
    "weekday_ta": "புதன்",
    "festivals": [
      "பௌர்ணமி"
    ]
  },
  {
    "date": "2026-07-30",
    "tithi": 16,
    "paksha": "Krishna",
    "nakshatra": 24,
    "sunrise": "05:53 AM",
    "sunset": "06:36 PM",
    "tamil_day": 15,
    "tamil_month": "ஆடி",
    "weekday_ta": "வியாழன்",
    "festivals": []
  },
  {
    "date": "2026-07-31",
    "tithi": 17,
    "paksha": "Krishna",
    "nakshatra": 25,
    "sunrise": "05:54 AM",
    "sunset": "06:36 PM",
    "tamil_day": 16,
    "tamil_month": "ஆடி",
    "weekday_ta": "வெள்ளி",
    "festivals": []
  },
  {
    "date": "2026-08-01",
    "tithi": 18,
    "paksha": "Krishna",
    "nakshatra": 26,
    "sunrise": "05:54 AM",
    "sunset": "06:36 PM",
    "tamil_day": 17,
    "tamil_month": "ஆடி",
    "weekday_ta": "சனி",
    "festivals": []
  },
  {
    "date": "2026-08-02",
    "tithi": 19,
    "paksha": "Krishna",
    "nakshatra": 27,
    "sunrise": "05:54 AM",
    "sunset": "06:35 PM",
    "tamil_day": 18,
    "tamil_month": "ஆடி",
    "weekday_ta": "ஞாயிறு",
    "festivals": []
  },
  {
    "date": "2026-08-03",
    "tithi": 20,
    "paksha": "Krishna",
    "nakshatra": 1,
    "sunrise": "05:54 AM",
    "sunset": "06:35 PM",
    "tamil_day": 19,
    "tamil_month": "ஆடி",
    "weekday_ta": "திங்கள்",
    "festivals": []
  },
  {
    "date": "2026-08-04",
    "tithi": 21,
    "paksha": "Krishna",
    "nakshatra": 2,
    "sunrise": "05:54 AM",
    "sunset": "06:35 PM",
    "tamil_day": 20,
    "tamil_month": "ஆடி",
    "weekday_ta": "செவ்வாய்",
    "festivals": []
  },
  {
    "date": "2026-08-05",
    "tithi": 22,
    "paksha": "Krishna",
    "nakshatra": 3,
    "sunrise": "05:55 AM",
    "sunset": "06:34 PM",
    "tamil_day": 21,
    "tamil_month": "ஆடி",
    "weekday_ta": "புதன்",
    "festivals": [
      "கார்த்திகை"
    ]
  },
  {
    "date": "2026-08-06",
    "tithi": 23,
    "paksha": "Krishna",
    "nakshatra": 4,
    "sunrise": "05:55 AM",
    "sunset": "06:34 PM",
    "tamil_day": 22,
    "tamil_month": "ஆடி",
    "weekday_ta": "வியாழன்",
    "festivals": []
  },
  {
    "date": "2026-08-07",
    "tithi": 24,
    "paksha": "Krishna",
    "nakshatra": 5,
    "sunrise": "05:55 AM",
    "sunset": "06:33 PM",
    "tamil_day": 23,
    "tamil_month": "ஆடி",
    "weekday_ta": "வெள்ளி",
    "festivals": []
  },
  {
    "date": "2026-08-08",
    "tithi": 25,
    "paksha": "Krishna",
    "nakshatra": 6,
    "sunrise": "05:55 AM",
    "sunset": "06:33 PM",
    "tamil_day": 24,
    "tamil_month": "ஆடி",
    "weekday_ta": "சனி",
    "festivals": []
  },
  {
    "date": "2026-08-09",
    "tithi": 26,
    "paksha": "Krishna",
    "nakshatra": 7,
    "sunrise": "05:55 AM",
    "sunset": "06:33 PM",
    "tamil_day": 25,
    "tamil_month": "ஆடி",
    "weekday_ta": "ஞாயிறு",
    "festivals": []
  },
  {
    "date": "2026-08-10",
    "tithi": 27,
    "paksha": "Krishna",
    "nakshatra": 8,
    "sunrise": "05:55 AM",
    "sunset": "06:32 PM",
    "tamil_day": 26,
    "tamil_month": "ஆடி",
    "weekday_ta": "திங்கள்",
    "festivals": []
  },
  {
    "date": "2026-08-11",
    "tithi": 29,
    "paksha": "Krishna",
    "nakshatra": 9,
    "sunrise": "05:56 AM",
    "sunset": "06:32 PM",
    "tamil_day": 27,
    "tamil_month": "ஆடி",
    "weekday_ta": "செவ்வாய்",
    "festivals": []
  },
  {
    "date": "2026-08-12",
    "tithi": 30,
    "paksha": "Krishna",
    "nakshatra": 10,
    "sunrise": "05:56 AM",
    "sunset": "06:31 PM",
    "tamil_day": 28,
    "tamil_month": "ஆடி",
    "weekday_ta": "புதன்",
    "festivals": [
      "அமாவாசை"
    ]
  },
  {
    "date": "2026-08-13",
    "tithi": 1,
    "paksha": "Shukla",
    "nakshatra": 11,
    "sunrise": "05:56 AM",
    "sunset": "06:31 PM",
    "tamil_day": 29,
    "tamil_month": "ஆடி",
    "weekday_ta": "வியாழன்",
    "festivals": []
  },
  {
    "date": "2026-08-14",
    "tithi": 2,
    "paksha": "Shukla",
    "nakshatra": 12,
    "sunrise": "05:56 AM",
    "sunset": "06:30 PM",
    "tamil_day": 30,
    "tamil_month": "ஆடி",
    "weekday_ta": "வெள்ளி",
    "festivals": []
  },
  {
    "date": "2026-08-15",
    "tithi": 3,
    "paksha": "Shukla",
    "nakshatra": 13,
    "sunrise": "05:56 AM",
    "sunset": "06:30 PM",
    "tamil_day": 31,
    "tamil_month": "ஆடி",
    "weekday_ta": "சனி",
    "festivals": []
  },
  {
    "date": "2026-08-16",
    "tithi": 4,
    "paksha": "Shukla",
    "nakshatra": 14,
    "sunrise": "05:56 AM",
    "sunset": "06:29 PM",
    "tamil_day": 1,
    "tamil_month": "ஆவணி",
    "weekday_ta": "ஞாயிறு",
    "festivals": []
  },
  {
    "date": "2026-08-17",
    "tithi": 5,
    "paksha": "Shukla",
    "nakshatra": 15,
    "sunrise": "05:56 AM",
    "sunset": "06:29 PM",
    "tamil_day": 2,
    "tamil_month": "ஆவணி",
    "weekday_ta": "திங்கள்",
    "festivals": []
  },
  {
    "date": "2026-08-18",
    "tithi": 6,
    "paksha": "Shukla",
    "nakshatra": 16,
    "sunrise": "05:56 AM",
    "sunset": "06:28 PM",
    "tamil_day": 3,
    "tamil_month": "ஆவணி",
    "weekday_ta": "செவ்வாய்",
    "festivals": [
      "சஷ்டி"
    ]
  },
  {
    "date": "2026-08-19",
    "tithi": 7,
    "paksha": "Shukla",
    "nakshatra": 17,
    "sunrise": "05:57 AM",
    "sunset": "06:28 PM",
    "tamil_day": 4,
    "tamil_month": "ஆவணி",
    "weekday_ta": "புதன்",
    "festivals": []
  },
  {
    "date": "2026-08-20",
    "tithi": 8,
    "paksha": "Shukla",
    "nakshatra": 18,
    "sunrise": "05:57 AM",
    "sunset": "06:27 PM",
    "tamil_day": 5,
    "tamil_month": "ஆவணி",
    "weekday_ta": "வியாழன்",
    "festivals": []
  },
  {
    "date": "2026-08-21",
    "tithi": 9,
    "paksha": "Shukla",
    "nakshatra": 19,
    "sunrise": "05:57 AM",
    "sunset": "06:26 PM",
    "tamil_day": 6,
    "tamil_month": "ஆவணி",
    "weekday_ta": "வெள்ளி",
    "festivals": []
  },
  {
    "date": "2026-08-22",
    "tithi": 10,
    "paksha": "Shukla",
    "nakshatra": 20,
    "sunrise": "05:57 AM",
    "sunset": "06:26 PM",
    "tamil_day": 7,
    "tamil_month": "ஆவணி",
    "weekday_ta": "சனி",
    "festivals": []
  },
  {
    "date": "2026-08-23",
    "tithi": 11,
    "paksha": "Shukla",
    "nakshatra": 21,
    "sunrise": "05:57 AM",
    "sunset": "06:25 PM",
    "tamil_day": 8,
    "tamil_month": "ஆவணி",
    "weekday_ta": "ஞாயிறு",
    "festivals": []
  },
  {
    "date": "2026-08-24",
    "tithi": 12,
    "paksha": "Shukla",
    "nakshatra": 22,
    "sunrise": "05:57 AM",
    "sunset": "06:25 PM",
    "tamil_day": 9,
    "tamil_month": "ஆவணி",
    "weekday_ta": "திங்கள்",
    "festivals": []
  },
  {
    "date": "2026-08-25",
    "tithi": 12,
    "paksha": "Shukla",
    "nakshatra": 23,
    "sunrise": "05:57 AM",
    "sunset": "06:24 PM",
    "tamil_day": 10,
    "tamil_month": "ஆவணி",
    "weekday_ta": "செவ்வாய்",
    "festivals": []
  },
  {
    "date": "2026-08-26",
    "tithi": 13,
    "paksha": "Shukla",
    "nakshatra": 24,
    "sunrise": "05:57 AM",
    "sunset": "06:23 PM",
    "tamil_day": 11,
    "tamil_month": "ஆவணி",
    "weekday_ta": "புதன்",
    "festivals": [
      "பிரதோஷம்"
    ]
  },
  {
    "date": "2026-08-27",
    "tithi": 14,
    "paksha": "Shukla",
    "nakshatra": 24,
    "sunrise": "05:57 AM",
    "sunset": "06:23 PM",
    "tamil_day": 12,
    "tamil_month": "ஆவணி",
    "weekday_ta": "வியாழன்",
    "festivals": []
  },
  {
    "date": "2026-08-28",
    "tithi": 15,
    "paksha": "Shukla",
    "nakshatra": 25,
    "sunrise": "05:57 AM",
    "sunset": "06:22 PM",
    "tamil_day": 13,
    "tamil_month": "ஆவணி",
    "weekday_ta": "வெள்ளி",
    "festivals": [
      "பௌர்ணமி"
    ]
  },
  {
    "date": "2026-08-29",
    "tithi": 16,
    "paksha": "Krishna",
    "nakshatra": 26,
    "sunrise": "05:57 AM",
    "sunset": "06:21 PM",
    "tamil_day": 14,
    "tamil_month": "ஆவணி",
    "weekday_ta": "சனி",
    "festivals": []
  },
  {
    "date": "2026-08-30",
    "tithi": 17,
    "paksha": "Krishna",
    "nakshatra": 27,
    "sunrise": "05:57 AM",
    "sunset": "06:21 PM",
    "tamil_day": 15,
    "tamil_month": "ஆவணி",
    "weekday_ta": "ஞாயிறு",
    "festivals": []
  },
  {
    "date": "2026-08-31",
    "tithi": 18,
    "paksha": "Krishna",
    "nakshatra": 1,
    "sunrise": "05:57 AM",
    "sunset": "06:20 PM",
    "tamil_day": 16,
    "tamil_month": "ஆவணி",
    "weekday_ta": "திங்கள்",
    "festivals": []
  },
  {
    "date": "2026-09-01",
    "tithi": 19,
    "paksha": "Krishna",
    "nakshatra": 2,
    "sunrise": "05:57 AM",
    "sunset": "06:19 PM",
    "tamil_day": 17,
    "tamil_month": "ஆவணி",
    "weekday_ta": "செவ்வாய்",
    "festivals": []
  },
  {
    "date": "2026-09-02",
    "tithi": 20,
    "paksha": "Krishna",
    "nakshatra": 3,
    "sunrise": "05:57 AM",
    "sunset": "06:19 PM",
    "tamil_day": 18,
    "tamil_month": "ஆவணி",
    "weekday_ta": "புதன்",
    "festivals": [
      "கார்த்திகை"
    ]
  },
  {
    "date": "2026-09-03",
    "tithi": 22,
    "paksha": "Krishna",
    "nakshatra": 4,
    "sunrise": "05:57 AM",
    "sunset": "06:18 PM",
    "tamil_day": 19,
    "tamil_month": "ஆவணி",
    "weekday_ta": "வியாழன்",
    "festivals": []
  },
  {
    "date": "2026-09-04",
    "tithi": 23,
    "paksha": "Krishna",
    "nakshatra": 6,
    "sunrise": "05:57 AM",
    "sunset": "06:17 PM",
    "tamil_day": 20,
    "tamil_month": "ஆவணி",
    "weekday_ta": "வெள்ளி",
    "festivals": []
  },
  {
    "date": "2026-09-05",
    "tithi": 24,
    "paksha": "Krishna",
    "nakshatra": 7,
    "sunrise": "05:57 AM",
    "sunset": "06:17 PM",
    "tamil_day": 21,
    "tamil_month": "ஆவணி",
    "weekday_ta": "சனி",
    "festivals": []
  },
  {
    "date": "2026-09-06",
    "tithi": 25,
    "paksha": "Krishna",
    "nakshatra": 8,
    "sunrise": "05:57 AM",
    "sunset": "06:16 PM",
    "tamil_day": 22,
    "tamil_month": "ஆவணி",
    "weekday_ta": "ஞாயிறு",
    "festivals": []
  },
  {
    "date": "2026-09-07",
    "tithi": 26,
    "paksha": "Krishna",
    "nakshatra": 9,
    "sunrise": "05:57 AM",
    "sunset": "06:15 PM",
    "tamil_day": 23,
    "tamil_month": "ஆவணி",
    "weekday_ta": "திங்கள்",
    "festivals": []
  },
  {
    "date": "2026-09-08",
    "tithi": 27,
    "paksha": "Krishna",
    "nakshatra": 10,
    "sunrise": "05:57 AM",
    "sunset": "06:15 PM",
    "tamil_day": 24,
    "tamil_month": "ஆவணி",
    "weekday_ta": "செவ்வாய்",
    "festivals": []
  },
  {
    "date": "2026-09-09",
    "tithi": 28,
    "paksha": "Krishna",
    "nakshatra": 11,
    "sunrise": "05:57 AM",
    "sunset": "06:14 PM",
    "tamil_day": 25,
    "tamil_month": "ஆவணி",
    "weekday_ta": "புதன்",
    "festivals": [
      "பிரதோஷம்"
    ]
  },
  {
    "date": "2026-09-10",
    "tithi": 29,
    "paksha": "Krishna",
    "nakshatra": 12,
    "sunrise": "05:57 AM",
    "sunset": "06:13 PM",
    "tamil_day": 26,
    "tamil_month": "ஆவணி",
    "weekday_ta": "வியாழன்",
    "festivals": []
  },
  {
    "date": "2026-09-11",
    "tithi": 30,
    "paksha": "Krishna",
    "nakshatra": 13,
    "sunrise": "05:57 AM",
    "sunset": "06:13 PM",
    "tamil_day": 27,
    "tamil_month": "ஆவணி",
    "weekday_ta": "வெள்ளி",
    "festivals": [
      "அமாவாசை"
    ]
  },
  {
    "date": "2026-09-12",
    "tithi": 1,
    "paksha": "Shukla",
    "nakshatra": 14,
    "sunrise": "05:57 AM",
    "sunset": "06:12 PM",
    "tamil_day": 28,
    "tamil_month": "ஆவணி",
    "weekday_ta": "சனி",
    "festivals": []
  },
  {
    "date": "2026-09-13",
    "tithi": 2,
    "paksha": "Shukla",
    "nakshatra": 15,
    "sunrise": "05:58 AM",
    "sunset": "06:11 PM",
    "tamil_day": 29,
    "tamil_month": "ஆவணி",
    "weekday_ta": "ஞாயிறு",
    "festivals": []
  },
  {
    "date": "2026-09-14",
    "tithi": 3,
    "paksha": "Shukla",
    "nakshatra": 16,
    "sunrise": "05:58 AM",
    "sunset": "06:10 PM",
    "tamil_day": 30,
    "tamil_month": "ஆவணி",
    "weekday_ta": "திங்கள்",
    "festivals": []
  },
  {
    "date": "2026-09-15",
    "tithi": 4,
    "paksha": "Shukla",
    "nakshatra": 17,
    "sunrise": "05:58 AM",
    "sunset": "06:10 PM",
    "tamil_day": 31,
    "tamil_month": "ஆவணி",
    "weekday_ta": "செவ்வாய்",
    "festivals": []
  },
  {
    "date": "2026-09-16",
    "tithi": 5,
    "paksha": "Shukla",
    "nakshatra": 18,
    "sunrise": "05:58 AM",
    "sunset": "06:09 PM",
    "tamil_day": 1,
    "tamil_month": "புரட்டாசி",
    "weekday_ta": "புதன்",
    "festivals": []
  },
  {
    "date": "2026-09-17",
    "tithi": 6,
    "paksha": "Shukla",
    "nakshatra": 19,
    "sunrise": "05:58 AM",
    "sunset": "06:08 PM",
    "tamil_day": 2,
    "tamil_month": "புரட்டாசி",
    "weekday_ta": "வியாழன்",
    "festivals": [
      "சஷ்டி"
    ]
  },
  {
    "date": "2026-09-18",
    "tithi": 7,
    "paksha": "Shukla",
    "nakshatra": 20,
    "sunrise": "05:58 AM",
    "sunset": "06:08 PM",
    "tamil_day": 3,
    "tamil_month": "புரட்டாசி",
    "weekday_ta": "வெள்ளி",
    "festivals": []
  },
  {
    "date": "2026-09-19",
    "tithi": 8,
    "paksha": "Shukla",
    "nakshatra": 21,
    "sunrise": "05:58 AM",
    "sunset": "06:07 PM",
    "tamil_day": 4,
    "tamil_month": "புரட்டாசி",
    "weekday_ta": "சனி",
    "festivals": []
  },
  {
    "date": "2026-09-20",
    "tithi": 9,
    "paksha": "Shukla",
    "nakshatra": 21,
    "sunrise": "05:58 AM",
    "sunset": "06:06 PM",
    "tamil_day": 5,
    "tamil_month": "புரட்டாசி",
    "weekday_ta": "ஞாயிறு",
    "festivals": []
  },
  {
    "date": "2026-09-21",
    "tithi": 10,
    "paksha": "Shukla",
    "nakshatra": 22,
    "sunrise": "05:58 AM",
    "sunset": "06:05 PM",
    "tamil_day": 6,
    "tamil_month": "புரட்டாசி",
    "weekday_ta": "திங்கள்",
    "festivals": []
  },
  {
    "date": "2026-09-22",
    "tithi": 11,
    "paksha": "Shukla",
    "nakshatra": 23,
    "sunrise": "05:58 AM",
    "sunset": "06:05 PM",
    "tamil_day": 7,
    "tamil_month": "புரட்டாசி",
    "weekday_ta": "செவ்வாய்",
    "festivals": []
  },
  {
    "date": "2026-09-23",
    "tithi": 12,
    "paksha": "Shukla",
    "nakshatra": 24,
    "sunrise": "05:58 AM",
    "sunset": "06:04 PM",
    "tamil_day": 8,
    "tamil_month": "புரட்டாசி",
    "weekday_ta": "புதன்",
    "festivals": []
  },
  {
    "date": "2026-09-24",
    "tithi": 13,
    "paksha": "Shukla",
    "nakshatra": 25,
    "sunrise": "05:58 AM",
    "sunset": "06:03 PM",
    "tamil_day": 9,
    "tamil_month": "புரட்டாசி",
    "weekday_ta": "வியாழன்",
    "festivals": [
      "பிரதோஷம்"
    ]
  },
  {
    "date": "2026-09-25",
    "tithi": 14,
    "paksha": "Shukla",
    "nakshatra": 26,
    "sunrise": "05:58 AM",
    "sunset": "06:03 PM",
    "tamil_day": 10,
    "tamil_month": "புரட்டாசி",
    "weekday_ta": "வெள்ளி",
    "festivals": []
  },
  {
    "date": "2026-09-26",
    "tithi": 15,
    "paksha": "Shukla",
    "nakshatra": 27,
    "sunrise": "05:58 AM",
    "sunset": "06:02 PM",
    "tamil_day": 11,
    "tamil_month": "புரட்டாசி",
    "weekday_ta": "சனி",
    "festivals": [
      "பௌர்ணமி"
    ]
  },
  {
    "date": "2026-09-27",
    "tithi": 16,
    "paksha": "Krishna",
    "nakshatra": 1,
    "sunrise": "05:58 AM",
    "sunset": "06:01 PM",
    "tamil_day": 12,
    "tamil_month": "புரட்டாசி",
    "weekday_ta": "ஞாயிறு",
    "festivals": []
  },
  {
    "date": "2026-09-28",
    "tithi": 17,
    "paksha": "Krishna",
    "nakshatra": 2,
    "sunrise": "05:58 AM",
    "sunset": "06:00 PM",
    "tamil_day": 13,
    "tamil_month": "புரட்டாசி",
    "weekday_ta": "திங்கள்",
    "festivals": []
  },
  {
    "date": "2026-09-29",
    "tithi": 18,
    "paksha": "Krishna",
    "nakshatra": 3,
    "sunrise": "05:58 AM",
    "sunset": "06:00 PM",
    "tamil_day": 14,
    "tamil_month": "புரட்டாசி",
    "weekday_ta": "செவ்வாய்",
    "festivals": [
      "கார்த்திகை"
    ]
  },
  {
    "date": "2026-09-30",
    "tithi": 19,
    "paksha": "Krishna",
    "nakshatra": 4,
    "sunrise": "05:58 AM",
    "sunset": "05:59 PM",
    "tamil_day": 15,
    "tamil_month": "புரட்டாசி",
    "weekday_ta": "புதன்",
    "festivals": []
  },
  {
    "date": "2026-10-01",
    "tithi": 20,
    "paksha": "Krishna",
    "nakshatra": 5,
    "sunrise": "05:58 AM",
    "sunset": "05:58 PM",
    "tamil_day": 16,
    "tamil_month": "புரட்டாசி",
    "weekday_ta": "வியாழன்",
    "festivals": []
  },
  {
    "date": "2026-10-02",
    "tithi": 21,
    "paksha": "Krishna",
    "nakshatra": 6,
    "sunrise": "05:58 AM",
    "sunset": "05:58 PM",
    "tamil_day": 17,
    "tamil_month": "புரட்டாசி",
    "weekday_ta": "வெள்ளி",
    "festivals": []
  },
  {
    "date": "2026-10-03",
    "tithi": 22,
    "paksha": "Krishna",
    "nakshatra": 7,
    "sunrise": "05:58 AM",
    "sunset": "05:57 PM",
    "tamil_day": 18,
    "tamil_month": "புரட்டாசி",
    "weekday_ta": "சனி",
    "festivals": []
  },
  {
    "date": "2026-10-04",
    "tithi": 24,
    "paksha": "Krishna",
    "nakshatra": 8,
    "sunrise": "05:58 AM",
    "sunset": "05:56 PM",
    "tamil_day": 19,
    "tamil_month": "புரட்டாசி",
    "weekday_ta": "ஞாயிறு",
    "festivals": []
  },
  {
    "date": "2026-10-05",
    "tithi": 25,
    "paksha": "Krishna",
    "nakshatra": 10,
    "sunrise": "05:58 AM",
    "sunset": "05:56 PM",
    "tamil_day": 20,
    "tamil_month": "புரட்டாசி",
    "weekday_ta": "திங்கள்",
    "festivals": []
  },
  {
    "date": "2026-10-06",
    "tithi": 26,
    "paksha": "Krishna",
    "nakshatra": 11,
    "sunrise": "05:58 AM",
    "sunset": "05:55 PM",
    "tamil_day": 21,
    "tamil_month": "புரட்டாசி",
    "weekday_ta": "செவ்வாய்",
    "festivals": []
  },
  {
    "date": "2026-10-07",
    "tithi": 27,
    "paksha": "Krishna",
    "nakshatra": 12,
    "sunrise": "05:58 AM",
    "sunset": "05:54 PM",
    "tamil_day": 22,
    "tamil_month": "புரட்டாசி",
    "weekday_ta": "புதன்",
    "festivals": []
  },
  {
    "date": "2026-10-08",
    "tithi": 28,
    "paksha": "Krishna",
    "nakshatra": 13,
    "sunrise": "05:58 AM",
    "sunset": "05:54 PM",
    "tamil_day": 23,
    "tamil_month": "புரட்டாசி",
    "weekday_ta": "வியாழன்",
    "festivals": [
      "பிரதோஷம்"
    ]
  },
  {
    "date": "2026-10-09",
    "tithi": 29,
    "paksha": "Krishna",
    "nakshatra": 14,
    "sunrise": "05:58 AM",
    "sunset": "05:53 PM",
    "tamil_day": 24,
    "tamil_month": "புரட்டாசி",
    "weekday_ta": "வெள்ளி",
    "festivals": []
  },
  {
    "date": "2026-10-10",
    "tithi": 30,
    "paksha": "Krishna",
    "nakshatra": 15,
    "sunrise": "05:58 AM",
    "sunset": "05:53 PM",
    "tamil_day": 25,
    "tamil_month": "புரட்டாசி",
    "weekday_ta": "சனி",
    "festivals": [
      "அமாவாசை"
    ]
  },
  {
    "date": "2026-10-11",
    "tithi": 1,
    "paksha": "Shukla",
    "nakshatra": 16,
    "sunrise": "05:58 AM",
    "sunset": "05:52 PM",
    "tamil_day": 26,
    "tamil_month": "புரட்டாசி",
    "weekday_ta": "ஞாயிறு",
    "festivals": []
  },
  {
    "date": "2026-10-12",
    "tithi": 2,
    "paksha": "Shukla",
    "nakshatra": 17,
    "sunrise": "05:58 AM",
    "sunset": "05:51 PM",
    "tamil_day": 27,
    "tamil_month": "புரட்டாசி",
    "weekday_ta": "திங்கள்",
    "festivals": []
  },
  {
    "date": "2026-10-13",
    "tithi": 3,
    "paksha": "Shukla",
    "nakshatra": 18,
    "sunrise": "05:59 AM",
    "sunset": "05:51 PM",
    "tamil_day": 28,
    "tamil_month": "புரட்டாசி",
    "weekday_ta": "செவ்வாய்",
    "festivals": []
  },
  {
    "date": "2026-10-14",
    "tithi": 4,
    "paksha": "Shukla",
    "nakshatra": 18,
    "sunrise": "05:59 AM",
    "sunset": "05:50 PM",
    "tamil_day": 29,
    "tamil_month": "புரட்டாசி",
    "weekday_ta": "புதன்",
    "festivals": []
  },
  {
    "date": "2026-10-15",
    "tithi": 5,
    "paksha": "Shukla",
    "nakshatra": 19,
    "sunrise": "05:59 AM",
    "sunset": "05:50 PM",
    "tamil_day": 30,
    "tamil_month": "புரட்டாசி",
    "weekday_ta": "வியாழன்",
    "festivals": []
  },
  {
    "date": "2026-10-16",
    "tithi": 6,
    "paksha": "Shukla",
    "nakshatra": 20,
    "sunrise": "05:59 AM",
    "sunset": "05:49 PM",
    "tamil_day": 31,
    "tamil_month": "புரட்டாசி",
    "weekday_ta": "வெள்ளி",
    "festivals": [
      "சஷ்டி"
    ]
  },
  {
    "date": "2026-10-17",
    "tithi": 7,
    "paksha": "Shukla",
    "nakshatra": 21,
    "sunrise": "05:59 AM",
    "sunset": "05:48 PM",
    "tamil_day": 1,
    "tamil_month": "ஐப்பசி",
    "weekday_ta": "சனி",
    "festivals": []
  },
  {
    "date": "2026-10-18",
    "tithi": 7,
    "paksha": "Shukla",
    "nakshatra": 22,
    "sunrise": "05:59 AM",
    "sunset": "05:48 PM",
    "tamil_day": 2,
    "tamil_month": "ஐப்பசி",
    "weekday_ta": "ஞாயிறு",
    "festivals": []
  },
  {
    "date": "2026-10-19",
    "tithi": 8,
    "paksha": "Shukla",
    "nakshatra": 23,
    "sunrise": "05:59 AM",
    "sunset": "05:47 PM",
    "tamil_day": 3,
    "tamil_month": "ஐப்பசி",
    "weekday_ta": "திங்கள்",
    "festivals": []
  },
  {
    "date": "2026-10-20",
    "tithi": 9,
    "paksha": "Shukla",
    "nakshatra": 24,
    "sunrise": "05:59 AM",
    "sunset": "05:47 PM",
    "tamil_day": 4,
    "tamil_month": "ஐப்பசி",
    "weekday_ta": "செவ்வாய்",
    "festivals": []
  },
  {
    "date": "2026-10-21",
    "tithi": 10,
    "paksha": "Shukla",
    "nakshatra": 25,
    "sunrise": "06:00 AM",
    "sunset": "05:46 PM",
    "tamil_day": 5,
    "tamil_month": "ஐப்பசி",
    "weekday_ta": "புதன்",
    "festivals": []
  },
  {
    "date": "2026-10-22",
    "tithi": 11,
    "paksha": "Shukla",
    "nakshatra": 26,
    "sunrise": "06:00 AM",
    "sunset": "05:46 PM",
    "tamil_day": 6,
    "tamil_month": "ஐப்பசி",
    "weekday_ta": "வியாழன்",
    "festivals": []
  },
  {
    "date": "2026-10-23",
    "tithi": 12,
    "paksha": "Shukla",
    "nakshatra": 27,
    "sunrise": "06:00 AM",
    "sunset": "05:45 PM",
    "tamil_day": 7,
    "tamil_month": "ஐப்பசி",
    "weekday_ta": "வெள்ளி",
    "festivals": []
  },
  {
    "date": "2026-10-24",
    "tithi": 13,
    "paksha": "Shukla",
    "nakshatra": 1,
    "sunrise": "06:00 AM",
    "sunset": "05:45 PM",
    "tamil_day": 8,
    "tamil_month": "ஐப்பசி",
    "weekday_ta": "சனி",
    "festivals": [
      "பிரதோஷம்"
    ]
  },
  {
    "date": "2026-10-25",
    "tithi": 14,
    "paksha": "Shukla",
    "nakshatra": 2,
    "sunrise": "06:00 AM",
    "sunset": "05:44 PM",
    "tamil_day": 9,
    "tamil_month": "ஐப்பசி",
    "weekday_ta": "ஞாயிறு",
    "festivals": []
  },
  {
    "date": "2026-10-26",
    "tithi": 15,
    "paksha": "Shukla",
    "nakshatra": 3,
    "sunrise": "06:01 AM",
    "sunset": "05:44 PM",
    "tamil_day": 10,
    "tamil_month": "ஐப்பசி",
    "weekday_ta": "திங்கள்",
    "festivals": [
      "பௌர்ணமி",
      "கார்த்திகை"
    ]
  },
  {
    "date": "2026-10-27",
    "tithi": 16,
    "paksha": "Krishna",
    "nakshatra": 4,
    "sunrise": "06:01 AM",
    "sunset": "05:44 PM",
    "tamil_day": 11,
    "tamil_month": "ஐப்பசி",
    "weekday_ta": "செவ்வாய்",
    "festivals": []
  },
  {
    "date": "2026-10-28",
    "tithi": 18,
    "paksha": "Krishna",
    "nakshatra": 5,
    "sunrise": "06:01 AM",
    "sunset": "05:43 PM",
    "tamil_day": 12,
    "tamil_month": "ஐப்பசி",
    "weekday_ta": "புதன்",
    "festivals": []
  },
  {
    "date": "2026-10-29",
    "tithi": 19,
    "paksha": "Krishna",
    "nakshatra": 6,
    "sunrise": "06:01 AM",
    "sunset": "05:43 PM",
    "tamil_day": 13,
    "tamil_month": "ஐப்பசி",
    "weekday_ta": "வியாழன்",
    "festivals": []
  },
  {
    "date": "2026-10-30",
    "tithi": 20,
    "paksha": "Krishna",
    "nakshatra": 7,
    "sunrise": "06:02 AM",
    "sunset": "05:42 PM",
    "tamil_day": 14,
    "tamil_month": "ஐப்பசி",
    "weekday_ta": "வெள்ளி",
    "festivals": []
  },
  {
    "date": "2026-10-31",
    "tithi": 21,
    "paksha": "Krishna",
    "nakshatra": 8,
    "sunrise": "06:02 AM",
    "sunset": "05:42 PM",
    "tamil_day": 15,
    "tamil_month": "ஐப்பசி",
    "weekday_ta": "சனி",
    "festivals": []
  },
  {
    "date": "2026-11-01",
    "tithi": 22,
    "paksha": "Krishna",
    "nakshatra": 9,
    "sunrise": "06:02 AM",
    "sunset": "05:42 PM",
    "tamil_day": 16,
    "tamil_month": "ஐப்பசி",
    "weekday_ta": "ஞாயிறு",
    "festivals": []
  },
  {
    "date": "2026-11-02",
    "tithi": 23,
    "paksha": "Krishna",
    "nakshatra": 10,
    "sunrise": "06:02 AM",
    "sunset": "05:41 PM",
    "tamil_day": 17,
    "tamil_month": "ஐப்பசி",
    "weekday_ta": "திங்கள்",
    "festivals": []
  },
  {
    "date": "2026-11-03",
    "tithi": 24,
    "paksha": "Krishna",
    "nakshatra": 11,
    "sunrise": "06:03 AM",
    "sunset": "05:41 PM",
    "tamil_day": 18,
    "tamil_month": "ஐப்பசி",
    "weekday_ta": "செவ்வாய்",
    "festivals": []
  },
  {
    "date": "2026-11-04",
    "tithi": 25,
    "paksha": "Krishna",
    "nakshatra": 12,
    "sunrise": "06:03 AM",
    "sunset": "05:41 PM",
    "tamil_day": 19,
    "tamil_month": "ஐப்பசி",
    "weekday_ta": "புதன்",
    "festivals": []
  },
  {
    "date": "2026-11-05",
    "tithi": 26,
    "paksha": "Krishna",
    "nakshatra": 13,
    "sunrise": "06:03 AM",
    "sunset": "05:41 PM",
    "tamil_day": 20,
    "tamil_month": "ஐப்பசி",
    "weekday_ta": "வியாழன்",
    "festivals": []
  },
  {
    "date": "2026-11-06",
    "tithi": 27,
    "paksha": "Krishna",
    "nakshatra": 14,
    "sunrise": "06:04 AM",
    "sunset": "05:40 PM",
    "tamil_day": 21,
    "tamil_month": "ஐப்பசி",
    "weekday_ta": "வெள்ளி",
    "festivals": []
  },
  {
    "date": "2026-11-07",
    "tithi": 28,
    "paksha": "Krishna",
    "nakshatra": 15,
    "sunrise": "06:04 AM",
    "sunset": "05:40 PM",
    "tamil_day": 22,
    "tamil_month": "ஐப்பசி",
    "weekday_ta": "சனி",
    "festivals": [
      "பிரதோஷம்"
    ]
  },
  {
    "date": "2026-11-08",
    "tithi": 29,
    "paksha": "Krishna",
    "nakshatra": 16,
    "sunrise": "06:04 AM",
    "sunset": "05:40 PM",
    "tamil_day": 23,
    "tamil_month": "ஐப்பசி",
    "weekday_ta": "ஞாயிறு",
    "festivals": []
  },
  {
    "date": "2026-11-09",
    "tithi": 30,
    "paksha": "Krishna",
    "nakshatra": 17,
    "sunrise": "06:05 AM",
    "sunset": "05:40 PM",
    "tamil_day": 24,
    "tamil_month": "ஐப்பசி",
    "weekday_ta": "திங்கள்",
    "festivals": [
      "அமாவாசை"
    ]
  },
  {
    "date": "2026-11-10",
    "tithi": 1,
    "paksha": "Shukla",
    "nakshatra": 18,
    "sunrise": "06:05 AM",
    "sunset": "05:39 PM",
    "tamil_day": 25,
    "tamil_month": "ஐப்பசி",
    "weekday_ta": "செவ்வாய்",
    "festivals": []
  },
  {
    "date": "2026-11-11",
    "tithi": 2,
    "paksha": "Shukla",
    "nakshatra": 19,
    "sunrise": "06:05 AM",
    "sunset": "05:39 PM",
    "tamil_day": 26,
    "tamil_month": "ஐப்பசி",
    "weekday_ta": "புதன்",
    "festivals": []
  },
  {
    "date": "2026-11-12",
    "tithi": 3,
    "paksha": "Shukla",
    "nakshatra": 20,
    "sunrise": "06:06 AM",
    "sunset": "05:39 PM",
    "tamil_day": 27,
    "tamil_month": "ஐப்பசி",
    "weekday_ta": "வியாழன்",
    "festivals": []
  },
  {
    "date": "2026-11-13",
    "tithi": 4,
    "paksha": "Shukla",
    "nakshatra": 21,
    "sunrise": "06:06 AM",
    "sunset": "05:39 PM",
    "tamil_day": 28,
    "tamil_month": "ஐப்பசி",
    "weekday_ta": "வெள்ளி",
    "festivals": []
  },
  {
    "date": "2026-11-14",
    "tithi": 5,
    "paksha": "Shukla",
    "nakshatra": 22,
    "sunrise": "06:07 AM",
    "sunset": "05:39 PM",
    "tamil_day": 29,
    "tamil_month": "ஐப்பசி",
    "weekday_ta": "சனி",
    "festivals": []
  },
  {
    "date": "2026-11-15",
    "tithi": 6,
    "paksha": "Shukla",
    "nakshatra": 23,
    "sunrise": "06:07 AM",
    "sunset": "05:39 PM",
    "tamil_day": 30,
    "tamil_month": "ஐப்பசி",
    "weekday_ta": "ஞாயிறு",
    "festivals": [
      "சஷ்டி"
    ]
  },
  {
    "date": "2026-11-16",
    "tithi": 7,
    "paksha": "Shukla",
    "nakshatra": 24,
    "sunrise": "06:08 AM",
    "sunset": "05:39 PM",
    "tamil_day": 1,
    "tamil_month": "கார்த்திகை",
    "weekday_ta": "திங்கள்",
    "festivals": []
  },
  {
    "date": "2026-11-17",
    "tithi": 8,
    "paksha": "Shukla",
    "nakshatra": 24,
    "sunrise": "06:08 AM",
    "sunset": "05:39 PM",
    "tamil_day": 2,
    "tamil_month": "கார்த்திகை",
    "weekday_ta": "செவ்வாய்",
    "festivals": []
  },
  {
    "date": "2026-11-18",
    "tithi": 9,
    "paksha": "Shukla",
    "nakshatra": 25,
    "sunrise": "06:08 AM",
    "sunset": "05:39 PM",
    "tamil_day": 3,
    "tamil_month": "கார்த்திகை",
    "weekday_ta": "புதன்",
    "festivals": []
  },
  {
    "date": "2026-11-19",
    "tithi": 9,
    "paksha": "Shukla",
    "nakshatra": 26,
    "sunrise": "06:09 AM",
    "sunset": "05:39 PM",
    "tamil_day": 4,
    "tamil_month": "கார்த்திகை",
    "weekday_ta": "வியாழன்",
    "festivals": []
  },
  {
    "date": "2026-11-20",
    "tithi": 10,
    "paksha": "Shukla",
    "nakshatra": 27,
    "sunrise": "06:09 AM",
    "sunset": "05:39 PM",
    "tamil_day": 5,
    "tamil_month": "கார்த்திகை",
    "weekday_ta": "வெள்ளி",
    "festivals": []
  },
  {
    "date": "2026-11-21",
    "tithi": 11,
    "paksha": "Shukla",
    "nakshatra": 1,
    "sunrise": "06:10 AM",
    "sunset": "05:39 PM",
    "tamil_day": 6,
    "tamil_month": "கார்த்திகை",
    "weekday_ta": "சனி",
    "festivals": []
  },
  {
    "date": "2026-11-22",
    "tithi": 13,
    "paksha": "Shukla",
    "nakshatra": 2,
    "sunrise": "06:10 AM",
    "sunset": "05:39 PM",
    "tamil_day": 7,
    "tamil_month": "கார்த்திகை",
    "weekday_ta": "ஞாயிறு",
    "festivals": [
      "பிரதோஷம்"
    ]
  },
  {
    "date": "2026-11-23",
    "tithi": 14,
    "paksha": "Shukla",
    "nakshatra": 3,
    "sunrise": "06:11 AM",
    "sunset": "05:39 PM",
    "tamil_day": 8,
    "tamil_month": "கார்த்திகை",
    "weekday_ta": "திங்கள்",
    "festivals": [
      "கார்த்திகை"
    ]
  },
  {
    "date": "2026-11-24",
    "tithi": 15,
    "paksha": "Shukla",
    "nakshatra": 4,
    "sunrise": "06:11 AM",
    "sunset": "05:39 PM",
    "tamil_day": 9,
    "tamil_month": "கார்த்திகை",
    "weekday_ta": "செவ்வாய்",
    "festivals": [
      "பௌர்ணமி"
    ]
  },
  {
    "date": "2026-11-25",
    "tithi": 16,
    "paksha": "Krishna",
    "nakshatra": 6,
    "sunrise": "06:12 AM",
    "sunset": "05:39 PM",
    "tamil_day": 10,
    "tamil_month": "கார்த்திகை",
    "weekday_ta": "புதன்",
    "festivals": []
  },
  {
    "date": "2026-11-26",
    "tithi": 17,
    "paksha": "Krishna",
    "nakshatra": 7,
    "sunrise": "06:12 AM",
    "sunset": "05:39 PM",
    "tamil_day": 11,
    "tamil_month": "கார்த்திகை",
    "weekday_ta": "வியாழன்",
    "festivals": []
  },
  {
    "date": "2026-11-27",
    "tithi": 18,
    "paksha": "Krishna",
    "nakshatra": 8,
    "sunrise": "06:13 AM",
    "sunset": "05:39 PM",
    "tamil_day": 12,
    "tamil_month": "கார்த்திகை",
    "weekday_ta": "வெள்ளி",
    "festivals": []
  },
  {
    "date": "2026-11-28",
    "tithi": 19,
    "paksha": "Krishna",
    "nakshatra": 9,
    "sunrise": "06:13 AM",
    "sunset": "05:39 PM",
    "tamil_day": 13,
    "tamil_month": "கார்த்திகை",
    "weekday_ta": "சனி",
    "festivals": []
  },
  {
    "date": "2026-11-29",
    "tithi": 21,
    "paksha": "Krishna",
    "nakshatra": 10,
    "sunrise": "06:14 AM",
    "sunset": "05:39 PM",
    "tamil_day": 14,
    "tamil_month": "கார்த்திகை",
    "weekday_ta": "ஞாயிறு",
    "festivals": []
  },
  {
    "date": "2026-11-30",
    "tithi": 22,
    "paksha": "Krishna",
    "nakshatra": 11,
    "sunrise": "06:14 AM",
    "sunset": "05:40 PM",
    "tamil_day": 15,
    "tamil_month": "கார்த்திகை",
    "weekday_ta": "திங்கள்",
    "festivals": []
  },
  {
    "date": "2026-12-01",
    "tithi": 23,
    "paksha": "Krishna",
    "nakshatra": 12,
    "sunrise": "06:15 AM",
    "sunset": "05:40 PM",
    "tamil_day": 16,
    "tamil_month": "கார்த்திகை",
    "weekday_ta": "செவ்வாய்",
    "festivals": []
  },
  {
    "date": "2026-12-02",
    "tithi": 24,
    "paksha": "Krishna",
    "nakshatra": 13,
    "sunrise": "06:15 AM",
    "sunset": "05:40 PM",
    "tamil_day": 17,
    "tamil_month": "கார்த்திகை",
    "weekday_ta": "புதன்",
    "festivals": []
  },
  {
    "date": "2026-12-03",
    "tithi": 25,
    "paksha": "Krishna",
    "nakshatra": 14,
    "sunrise": "06:16 AM",
    "sunset": "05:40 PM",
    "tamil_day": 18,
    "tamil_month": "கார்த்திகை",
    "weekday_ta": "வியாழன்",
    "festivals": []
  },
  {
    "date": "2026-12-04",
    "tithi": 26,
    "paksha": "Krishna",
    "nakshatra": 15,
    "sunrise": "06:16 AM",
    "sunset": "05:40 PM",
    "tamil_day": 19,
    "tamil_month": "கார்த்திகை",
    "weekday_ta": "வெள்ளி",
    "festivals": []
  },
  {
    "date": "2026-12-05",
    "tithi": 27,
    "paksha": "Krishna",
    "nakshatra": 16,
    "sunrise": "06:17 AM",
    "sunset": "05:41 PM",
    "tamil_day": 20,
    "tamil_month": "கார்த்திகை",
    "weekday_ta": "சனி",
    "festivals": []
  },
  {
    "date": "2026-12-06",
    "tithi": 28,
    "paksha": "Krishna",
    "nakshatra": 17,
    "sunrise": "06:18 AM",
    "sunset": "05:41 PM",
    "tamil_day": 21,
    "tamil_month": "கார்த்திகை",
    "weekday_ta": "ஞாயிறு",
    "festivals": [
      "பிரதோஷம்"
    ]
  },
  {
    "date": "2026-12-07",
    "tithi": 29,
    "paksha": "Krishna",
    "nakshatra": 18,
    "sunrise": "06:18 AM",
    "sunset": "05:41 PM",
    "tamil_day": 22,
    "tamil_month": "கார்த்திகை",
    "weekday_ta": "திங்கள்",
    "festivals": []
  },
  {
    "date": "2026-12-08",
    "tithi": 30,
    "paksha": "Krishna",
    "nakshatra": 19,
    "sunrise": "06:19 AM",
    "sunset": "05:42 PM",
    "tamil_day": 23,
    "tamil_month": "கார்த்திகை",
    "weekday_ta": "செவ்வாய்",
    "festivals": [
      "அமாவாசை"
    ]
  },
  {
    "date": "2026-12-09",
    "tithi": 30,
    "paksha": "Krishna",
    "nakshatra": 20,
    "sunrise": "06:19 AM",
    "sunset": "05:42 PM",
    "tamil_day": 24,
    "tamil_month": "கார்த்திகை",
    "weekday_ta": "புதன்",
    "festivals": [
      "அமாவாசை"
    ]
  },
  {
    "date": "2026-12-10",
    "tithi": 1,
    "paksha": "Shukla",
    "nakshatra": 21,
    "sunrise": "06:20 AM",
    "sunset": "05:42 PM",
    "tamil_day": 25,
    "tamil_month": "கார்த்திகை",
    "weekday_ta": "வியாழன்",
    "festivals": []
  },
  {
    "date": "2026-12-11",
    "tithi": 2,
    "paksha": "Shukla",
    "nakshatra": 22,
    "sunrise": "06:20 AM",
    "sunset": "05:43 PM",
    "tamil_day": 26,
    "tamil_month": "கார்த்திகை",
    "weekday_ta": "வெள்ளி",
    "festivals": []
  },
  {
    "date": "2026-12-12",
    "tithi": 3,
    "paksha": "Shukla",
    "nakshatra": 22,
    "sunrise": "06:21 AM",
    "sunset": "05:43 PM",
    "tamil_day": 27,
    "tamil_month": "கார்த்திகை",
    "weekday_ta": "சனி",
    "festivals": []
  },
  {
    "date": "2026-12-13",
    "tithi": 4,
    "paksha": "Shukla",
    "nakshatra": 23,
    "sunrise": "06:21 AM",
    "sunset": "05:43 PM",
    "tamil_day": 28,
    "tamil_month": "கார்த்திகை",
    "weekday_ta": "ஞாயிறு",
    "festivals": []
  },
  {
    "date": "2026-12-14",
    "tithi": 5,
    "paksha": "Shukla",
    "nakshatra": 24,
    "sunrise": "06:22 AM",
    "sunset": "05:44 PM",
    "tamil_day": 29,
    "tamil_month": "கார்த்திகை",
    "weekday_ta": "திங்கள்",
    "festivals": []
  },
  {
    "date": "2026-12-15",
    "tithi": 6,
    "paksha": "Shukla",
    "nakshatra": 25,
    "sunrise": "06:23 AM",
    "sunset": "05:44 PM",
    "tamil_day": 30,
    "tamil_month": "கார்த்திகை",
    "weekday_ta": "செவ்வாய்",
    "festivals": [
      "சஷ்டி"
    ]
  },
  {
    "date": "2026-12-16",
    "tithi": 7,
    "paksha": "Shukla",
    "nakshatra": 26,
    "sunrise": "06:23 AM",
    "sunset": "05:45 PM",
    "tamil_day": 1,
    "tamil_month": "மார்கழி",
    "weekday_ta": "புதன்",
    "festivals": []
  },
  {
    "date": "2026-12-17",
    "tithi": 8,
    "paksha": "Shukla",
    "nakshatra": 27,
    "sunrise": "06:24 AM",
    "sunset": "05:45 PM",
    "tamil_day": 2,
    "tamil_month": "மார்கழி",
    "weekday_ta": "வியாழன்",
    "festivals": []
  },
  {
    "date": "2026-12-18",
    "tithi": 9,
    "paksha": "Shukla",
    "nakshatra": 1,
    "sunrise": "06:24 AM",
    "sunset": "05:46 PM",
    "tamil_day": 3,
    "tamil_month": "மார்கழி",
    "weekday_ta": "வெள்ளி",
    "festivals": []
  },
  {
    "date": "2026-12-19",
    "tithi": 10,
    "paksha": "Shukla",
    "nakshatra": 2,
    "sunrise": "06:25 AM",
    "sunset": "05:46 PM",
    "tamil_day": 4,
    "tamil_month": "மார்கழி",
    "weekday_ta": "சனி",
    "festivals": []
  },
  {
    "date": "2026-12-20",
    "tithi": 11,
    "paksha": "Shukla",
    "nakshatra": 3,
    "sunrise": "06:25 AM",
    "sunset": "05:47 PM",
    "tamil_day": 5,
    "tamil_month": "மார்கழி",
    "weekday_ta": "ஞாயிறு",
    "festivals": [
      "கார்த்திகை"
    ]
  },
  {
    "date": "2026-12-21",
    "tithi": 12,
    "paksha": "Shukla",
    "nakshatra": 4,
    "sunrise": "06:26 AM",
    "sunset": "05:47 PM",
    "tamil_day": 6,
    "tamil_month": "மார்கழி",
    "weekday_ta": "திங்கள்",
    "festivals": []
  },
  {
    "date": "2026-12-22",
    "tithi": 13,
    "paksha": "Shukla",
    "nakshatra": 5,
    "sunrise": "06:26 AM",
    "sunset": "05:48 PM",
    "tamil_day": 7,
    "tamil_month": "மார்கழி",
    "weekday_ta": "செவ்வாய்",
    "festivals": [
      "பிரதோஷம்"
    ]
  },
  {
    "date": "2026-12-23",
    "tithi": 14,
    "paksha": "Shukla",
    "nakshatra": 6,
    "sunrise": "06:27 AM",
    "sunset": "05:48 PM",
    "tamil_day": 8,
    "tamil_month": "மார்கழி",
    "weekday_ta": "புதன்",
    "festivals": []
  },
  {
    "date": "2026-12-24",
    "tithi": 15,
    "paksha": "Shukla",
    "nakshatra": 7,
    "sunrise": "06:27 AM",
    "sunset": "05:49 PM",
    "tamil_day": 9,
    "tamil_month": "மார்கழி",
    "weekday_ta": "வியாழன்",
    "festivals": [
      "பௌர்ணமி"
    ]
  },
  {
    "date": "2026-12-25",
    "tithi": 17,
    "paksha": "Krishna",
    "nakshatra": 9,
    "sunrise": "06:28 AM",
    "sunset": "05:49 PM",
    "tamil_day": 10,
    "tamil_month": "மார்கழி",
    "weekday_ta": "வெள்ளி",
    "festivals": []
  },
  {
    "date": "2026-12-26",
    "tithi": 18,
    "paksha": "Krishna",
    "nakshatra": 10,
    "sunrise": "06:28 AM",
    "sunset": "05:50 PM",
    "tamil_day": 11,
    "tamil_month": "மார்கழி",
    "weekday_ta": "சனி",
    "festivals": []
  },
  {
    "date": "2026-12-27",
    "tithi": 19,
    "paksha": "Krishna",
    "nakshatra": 11,
    "sunrise": "06:28 AM",
    "sunset": "05:50 PM",
    "tamil_day": 12,
    "tamil_month": "மார்கழி",
    "weekday_ta": "ஞாயிறு",
    "festivals": []
  },
  {
    "date": "2026-12-28",
    "tithi": 20,
    "paksha": "Krishna",
    "nakshatra": 12,
    "sunrise": "06:29 AM",
    "sunset": "05:51 PM",
    "tamil_day": 13,
    "tamil_month": "மார்கழி",
    "weekday_ta": "திங்கள்",
    "festivals": []
  },
  {
    "date": "2026-12-29",
    "tithi": 21,
    "paksha": "Krishna",
    "nakshatra": 13,
    "sunrise": "06:29 AM",
    "sunset": "05:51 PM",
    "tamil_day": 14,
    "tamil_month": "மார்கழி",
    "weekday_ta": "செவ்வாய்",
    "festivals": []
  },
  {
    "date": "2026-12-30",
    "tithi": 22,
    "paksha": "Krishna",
    "nakshatra": 14,
    "sunrise": "06:30 AM",
    "sunset": "05:52 PM",
    "tamil_day": 15,
    "tamil_month": "மார்கழி",
    "weekday_ta": "புதன்",
    "festivals": []
  },
  {
    "date": "2026-12-31",
    "tithi": 23,
    "paksha": "Krishna",
    "nakshatra": 15,
    "sunrise": "06:30 AM",
    "sunset": "05:52 PM",
    "tamil_day": 16,
    "tamil_month": "மார்கழி",
    "weekday_ta": "வியாழன்",
    "festivals": []
  }
]